timestamp,IN2P3-CPPM,IN2P3-IRES,IN2P3-LPC,NIKHEF-ELPROD,RAL-LCG2,SARA-MATRIX,UKI-LT2-IC-HEP,UKI-NORTHGRID-LANCS-HEP,UKI-NORTHGRID-LIV-HEP,UKI-NORTHGRID-MAN-HEP,UKI-SCOTGRID-GLASGOW,UKI-SOUTHGRID-RALPP
2026-03-10T00:00:01,1,0,0,0,0,0,0,0,0,0,0,0
2026-03-10T00:01:01,1,0,0,0,0,0,0,0,0,0,0,0
2026-03-10T00:02:01,1,0,0,0,0,0,0,0,0,0,0,0
2026-03-10T00:03:01,1,0,0,0,0,0,0,0,0,0,0,0
2026-03-10T00:04:01,1,0,0,0,0,0,0,0,0,0,0,0
2026-03-10T00:05:01,62,0,0,0,0,0,0,0,0,0,0,0
2026-03-10T00:06:01,62,0,0,0,0,0,0,0,0,0,0,0
2026-03-10T00:07:01,62,0,0,0,0,0,0,0,0,0,0,0
2026-03-10T00:08:01,62,0,0,0,0,0,0,0,0,0,0,0
2026-03-10T00:09:01,61,0,0,0,0,0,0,0,0,0,0,0
2026-03-10T00:10:01,64,0,0,0,0,0,0,0,0,0,0,0
2026-03-10T00:11:01,64,0,0,0,0,0,0,0,0,0,0,0
2026-03-10T00:12:01,63,0,0,0,0,0,0,0,0,0,0,0
2026-03-10T00:13:01,54,0,0,0,0,0,0,0,0,0,0,0
2026-03-10T00:14:01,34,0,0,0,0,0,0,0,0,0,0,0
2026-03-10T00:15:01,62,0,0,0,0,0,0,0,0,0,0,0
2026-03-10T00:16:01,56,0,0,0,0,0,0,0,0,0,0,0
2026-03-10T00:17:01,36,0,0,0,0,0,0,0,0,0,0,0
2026-03-10T00:18:01,30,0,0,0,0,0,0,0,0,0,0,0
2026-03-10T00:19:01,29,0,0,0,0,0,0,0,0,0,0,0
2026-03-10T00:20:01,107,0,0,0,0,0,0,0,0,0,0,0
2026-03-10T00:21:01,109,0,0,0,0,0,0,0,0,0,0,0
2026-03-10T00:22:01,107,0,0,0,0,0,0,0,0,0,0,0
2026-03-10T00:23:01,102,0,0,0,0,0,0,0,0,0,0,0
2026-03-10T00:24:01,101,0,0,0,0,0,0,0,0,0,0,0
2026-03-10T00:25:01,189,0,0,0,0,0,0,0,0,0,0,0
2026-03-10T00:26:01,339,0,0,0,0,0,0,0,0,0,0,0
2026-03-10T00:27:01,313,0,0,0,0,0,0,0,0,0,0,0
2026-03-10T00:28:01,311,0,0,0,0,0,0,0,0,0,0,0
2026-03-10T00:29:01,293,0,0,0,0,0,0,0,0,0,0,0
2026-03-10T00:30:01,311,0,0,0,0,0,0,0,0,0,0,0
2026-03-10T00:31:01,421,0,35,0,0,0,0,0,0,0,0,0
2026-03-10T00:32:01,385,0,34,0,0,0,0,0,0,0,0,0
2026-03-10T00:33:01,371,0,34,0,0,0,0,0,0,0,0,0
2026-03-10T00:34:01,358,0,34,0,0,0,0,0,0,0,0,0
2026-03-10T00:35:01,391,0,34,0,0,0,0,0,0,0,0,0
2026-03-10T00:36:01,411,0,34,0,0,0,0,0,0,0,0,0
2026-03-10T00:37:01,358,0,33,0,0,0,0,0,0,0,0,0
2026-03-10T00:38:01,346,0,32,0,0,0,0,0,0,0,0,0
2026-03-10T00:39:01,338,0,32,0,0,0,0,0,0,0,0,0
2026-03-10T00:40:01,417,0,32,0,0,0,0,0,0,0,0,0
2026-03-10T00:41:01,448,0,31,0,0,0,0,0,0,0,0,0
2026-03-10T00:42:01,427,0,31,0,0,0,0,0,0,0,0,0
2026-03-10T00:43:01,393,0,30,0,0,0,0,0,0,0,0,0
2026-03-10T00:44:01,368,0,29,0,0,0,0,0,0,0,0,0
2026-03-10T00:45:01,437,0,26,0,0,0,0,0,0,0,0,0
2026-03-10T00:46:01,481,0,203,0,0,0,0,0,0,0,0,0
2026-03-10T00:47:01,491,0,273,0,0,0,0,0,0,0,0,0
2026-03-10T00:48:01,469,0,266,0,0,0,0,0,0,0,0,0
2026-03-10T00:49:01,436,0,251,0,0,0,0,0,0,0,0,0
2026-03-10T00:50:01,480,0,258,0,0,0,0,0,0,0,0,0
2026-03-10T00:51:01,472,0,392,0,0,0,0,0,0,0,0,0
2026-03-10T00:52:01,450,0,333,0,0,0,0,0,0,0,0,0
2026-03-10T00:53:01,434,0,306,0,0,0,0,0,0,0,0,0
2026-03-10T00:54:01,426,0,299,0,0,0,0,0,0,0,0,0
2026-03-10T00:55:01,490,0,310,0,0,0,0,0,0,0,0,0
2026-03-10T00:56:01,487,0,460,0,0,0,0,0,0,0,0,0
2026-03-10T00:57:01,471,0,456,0,0,0,0,0,0,0,0,0
2026-03-10T00:58:01,470,0,442,0,0,0,0,0,0,0,0,0
2026-03-10T00:59:01,485,0,413,0,0,0,0,0,0,0,0,0
2026-03-10T01:00:01,492,6,487,0,0,0,0,0,0,0,0,0
2026-03-10T01:01:01,495,233,468,0,0,0,0,0,0,0,0,0
2026-03-10T01:02:01,494,191,491,0,0,0,0,0,0,0,0,0
2026-03-10T01:03:01,495,193,485,0,0,0,0,0,0,0,0,0
2026-03-10T01:04:01,490,195,495,0,0,0,0,0,0,0,0,0
2026-03-10T01:05:01,489,259,493,0,0,0,0,0,0,0,0,0
2026-03-10T01:06:01,489,319,493,0,0,0,0,0,0,0,0,0
2026-03-10T01:07:01,488,308,486,0,0,0,0,0,0,0,0,0
2026-03-10T01:08:01,497,306,493,0,0,0,0,0,0,0,0,0
2026-03-10T01:09:01,497,312,493,0,0,0,0,0,0,0,0,0
2026-03-10T01:10:01,495,361,496,0,0,0,0,0,0,0,0,0
2026-03-10T01:11:01,496,466,497,0,85,0,0,0,0,0,0,0
2026-03-10T01:12:01,496,467,496,0,80,0,0,0,0,0,0,0
2026-03-10T01:13:01,494,428,491,0,46,0,0,0,0,0,0,0
2026-03-10T01:14:01,500,386,497,0,33,0,0,0,0,0,0,0
2026-03-10T01:15:01,495,458,493,0,27,0,0,0,0,0,0,0
2026-03-10T01:16:01,497,440,497,0,240,0,0,0,0,0,0,0
2026-03-10T01:17:01,495,441,495,0,283,0,0,0,0,0,0,0
2026-03-10T01:18:01,495,367,496,0,196,0,0,0,0,0,0,0
2026-03-10T01:19:01,485,295,487,0,146,0,0,0,0,0,0,0
2026-03-10T01:20:01,487,314,495,0,96,0,0,0,0,0,0,0
2026-03-10T01:21:01,482,308,489,0,70,0,0,0,0,0,0,0
2026-03-10T01:22:01,490,283,481,0,60,0,0,0,0,0,0,0
2026-03-10T01:23:01,489,258,470,0,42,0,0,0,0,0,0,0
2026-03-10T01:24:01,495,232,468,0,33,0,0,0,0,0,0,0
2026-03-10T01:25:01,490,244,481,0,27,0,0,0,0,0,0,0
2026-03-10T01:26:01,490,337,490,0,22,0,0,0,0,0,0,0
2026-03-10T01:27:01,484,322,483,0,15,0,0,0,0,0,0,0
2026-03-10T01:28:01,466,299,477,0,11,0,0,0,0,0,0,0
2026-03-10T01:29:01,440,273,468,0,8,0,0,0,0,0,0,0
2026-03-10T01:30:01,486,247,489,0,5,0,0,0,0,0,0,0
2026-03-10T01:31:01,483,429,493,0,5,0,0,0,0,0,0,0
2026-03-10T01:32:01,469,406,489,0,4,0,0,0,0,0,0,0
2026-03-10T01:33:01,453,390,484,0,3,0,0,0,0,0,0,0
2026-03-10T01:34:01,460,341,465,0,3,0,0,0,0,0,0,0
2026-03-10T01:35:01,472,311,484,0,3,0,0,0,0,0,0,0
2026-03-10T01:36:01,470,464,495,0,66,0,0,0,0,0,0,0
2026-03-10T01:37:01,473,474,494,0,144,0,0,0,0,0,0,0
2026-03-10T01:38:01,489,439,489,0,131,0,0,0,0,0,0,0
2026-03-10T01:39:01,467,394,480,0,108,0,0,0,0,0,0,0
2026-03-10T01:40:01,478,373,481,0,86,0,0,0,0,0,0,0
2026-03-10T01:41:01,464,447,494,0,82,0,0,0,0,0,0,0
2026-03-10T01:42:01,478,423,489,0,78,0,0,0,0,0,0,0
2026-03-10T01:43:01,472,399,490,0,69,0,0,0,0,0,0,0
2026-03-10T01:44:01,485,386,485,0,66,0,0,0,0,0,0,0
2026-03-10T01:45:01,483,458,496,0,63,0,0,0,0,0,0,0
2026-03-10T01:46:01,479,481,493,0,169,0,0,0,0,0,0,0
2026-03-10T01:47:01,495,465,493,0,158,0,0,0,0,0,0,0
2026-03-10T01:48:01,484,452,496,0,158,0,0,0,0,0,0,0
2026-03-10T01:49:01,482,446,492,0,158,0,0,0,0,0,0,0
2026-03-10T01:50:01,487,469,492,0,164,0,0,0,0,0,0,0
2026-03-10T01:51:01,496,479,498,0,272,0,0,0,0,0,0,0
2026-03-10T01:52:01,489,468,496,0,253,0,0,0,0,0,0,0
2026-03-10T01:53:01,483,460,495,0,225,0,0,0,0,0,0,0
2026-03-10T01:54:01,481,444,494,0,221,0,0,0,0,0,0,0
2026-03-10T01:55:01,494,475,494,0,238,0,0,0,0,0,0,0
2026-03-10T01:56:01,497,467,496,0,353,0,0,0,0,0,0,0
2026-03-10T01:57:01,494,473,492,0,387,0,0,0,0,0,0,0
2026-03-10T01:58:01,496,454,495,0,380,0,0,0,0,0,0,0
2026-03-10T01:59:01,495,451,498,0,365,0,0,0,0,0,0,0
2026-03-10T02:00:01,498,485,500,0,392,0,0,0,0,0,0,0
2026-03-10T02:01:01,498,487,497,0,486,0,0,0,0,0,0,43
2026-03-10T02:02:01,498,492,499,0,485,0,0,0,0,0,0,43
2026-03-10T02:03:01,496,486,500,0,495,0,0,0,0,0,0,43
2026-03-10T02:04:01,497,491,499,0,492,0,0,0,0,0,0,46
2026-03-10T02:05:01,497,486,499,0,488,0,0,0,0,0,0,147
2026-03-10T02:06:01,499,487,498,0,490,0,0,0,0,0,0,326
2026-03-10T02:07:01,497,492,499,0,485,0,0,0,0,0,0,327
2026-03-10T02:08:01,500,493,498,0,477,0,0,0,0,0,0,327
2026-03-10T02:09:01,500,489,499,0,467,0,0,0,0,0,0,327
2026-03-10T02:10:01,496,485,500,0,488,0,0,0,0,0,0,379
2026-03-10T02:11:01,498,484,500,0,478,0,0,0,0,92,0,488
2026-03-10T02:12:01,494,487,497,0,479,0,0,0,0,112,0,499
2026-03-10T02:13:01,498,483,499,0,464,0,0,0,0,112,0,496
2026-03-10T02:14:01,499,482,499,0,454,0,0,0,0,108,0,491
2026-03-10T02:15:01,497,482,500,0,481,0,0,0,0,107,0,478
2026-03-10T02:16:01,495,473,499,0,491,0,0,0,0,217,0,489
2026-03-10T02:17:01,496,461,497,0,488,0,0,0,0,216,0,477
2026-03-10T02:18:01,495,451,493,0,488,0,0,0,0,216,0,469
2026-03-10T02:19:01,494,443,492,0,485,0,0,0,0,215,0,462
2026-03-10T02:20:01,499,485,498,0,492,0,0,0,0,213,0,455
2026-03-10T02:21:01,494,489,496,0,496,0,0,0,0,405,0,486
2026-03-10T02:22:01,498,492,496,0,494,0,0,0,0,414,0,491
2026-03-10T02:23:01,499,487,495,0,489,0,0,0,0,334,0,471
2026-03-10T02:24:01,493,477,494,0,484,0,0,0,0,245,0,443
2026-03-10T02:25:01,494,492,497,0,492,0,0,0,0,226,0,472
2026-03-10T02:26:01,492,492,499,0,491,0,0,0,0,421,0,497
2026-03-10T02:27:01,497,490,500,0,487,0,0,0,0,484,145,482
2026-03-10T02:28:01,495,478,496,0,486,0,0,0,0,402,355,461
2026-03-10T02:29:01,490,485,497,0,488,0,0,0,0,384,425,481
2026-03-10T02:30:01,493,495,498,0,488,0,0,0,49,440,418,490
2026-03-10T02:31:01,494,491,499,0,491,0,0,0,117,444,395,485
2026-03-10T02:32:01,497,485,498,0,478,0,0,0,75,434,290,479
2026-03-10T02:33:01,492,478,498,0,463,0,0,0,29,347,142,460
2026-03-10T02:34:01,490,485,495,0,443,0,0,0,5,264,81,438
2026-03-10T02:35:01,492,485,497,0,478,0,0,0,2,220,30,455
2026-03-10T02:36:01,490,482,497,0,480,0,0,0,2,372,6,486
2026-03-10T02:37:01,493,483,497,0,471,0,0,0,2,482,108,483
2026-03-10T02:38:01,494,487,499,0,460,0,0,0,2,427,313,466
2026-03-10T02:39:01,492,478,496,0,468,0,0,0,2,408,427,480
2026-03-10T02:40:01,487,483,494,0,454,0,0,0,53,415,431,468
2026-03-10T02:41:01,492,474,499,0,457,0,0,0,61,413,398,475
2026-03-10T02:42:01,486,483,494,0,465,0,0,0,28,423,379,472
2026-03-10T02:43:01,489,478,498,0,439,0,0,0,11,412,307,469
2026-03-10T02:44:01,486,468,497,0,425,0,0,0,4,324,195,431
2026-03-10T02:45:01,486,477,497,0,431,0,0,0,4,260,130,399
2026-03-10T02:46:01,484,476,493,0,460,0,0,0,4,249,96,481
2026-03-10T02:47:01,486,488,498,0,453,0,0,0,4,242,86,463
2026-03-10T02:48:01,494,480,495,0,436,0,0,0,4,238,83,452
2026-03-10T02:49:01,491,479,497,0,425,0,0,0,4,233,81,443
2026-03-10T02:50:01,488,492,496,0,475,0,0,0,4,228,79,434
2026-03-10T02:51:01,488,491,497,0,478,0,0,0,4,279,77,488
2026-03-10T02:52:01,491,490,498,0,468,0,0,0,4,275,76,475
2026-03-10T02:53:01,486,493,498,0,463,0,0,0,4,269,72,454
2026-03-10T02:54:01,487,488,494,0,442,0,0,0,4,267,71,440
2026-03-10T02:55:01,486,481,496,0,476,0,0,0,4,262,70,453
2026-03-10T02:56:01,482,488,496,0,474,0,0,0,4,391,69,481
2026-03-10T02:57:01,478,491,495,0,453,0,0,0,4,380,69,459
2026-03-10T02:58:01,484,480,498,0,427,0,0,0,3,368,69,433
2026-03-10T02:59:01,472,474,496,0,394,0,0,0,3,323,69,398
2026-03-10T03:00:01,471,477,492,0,436,0,0,0,3,292,69,367
2026-03-10T03:01:01,469,477,493,0,471,0,0,0,2,274,69,346
2026-03-10T03:02:01,482,458,492,0,436,0,0,0,2,260,69,316
2026-03-10T03:03:01,466,450,497,0,374,0,0,0,2,247,69,293
2026-03-10T03:04:01,462,420,491,0,326,0,0,0,2,236,68,267
2026-03-10T03:05:01,447,467,489,0,304,0,0,0,2,225,68,249
2026-03-10T03:06:01,465,482,492,0,483,0,0,0,2,217,67,232
2026-03-10T03:07:01,474,485,496,0,471,0,0,0,2,208,66,241
2026-03-10T03:08:01,473,453,499,0,429,0,0,0,2,201,66,225
2026-03-10T03:09:01,472,398,489,0,315,0,0,0,1,196,66,208
2026-03-10T03:10:01,438,450,484,0,266,0,0,0,1,187,65,193
2026-03-10T03:11:01,445,470,495,0,404,0,0,0,1,179,62,181
2026-03-10T03:12:01,476,486,493,0,476,0,0,0,1,168,60,273
2026-03-10T03:13:01,479,467,493,0,480,0,0,0,1,163,57,481
2026-03-10T03:14:01,484,462,496,0,445,0,0,0,1,268,56,474
2026-03-10T03:15:01,480,470,493,0,434,0,0,0,1,254,54,456
2026-03-10T03:16:01,463,462,490,0,403,0,0,0,1,370,54,413
2026-03-10T03:17:01,477,456,489,0,420,0,0,0,1,364,54,410
2026-03-10T03:18:01,470,452,487,0,436,0,0,0,1,376,52,425
2026-03-10T03:19:01,458,461,495,0,426,0,0,0,1,391,52,431
2026-03-10T03:20:01,469,446,492,0,421,0,0,0,1,390,51,409
2026-03-10T03:21:01,469,460,491,0,415,0,0,0,1,339,50,349
2026-03-10T03:22:01,468,455,494,0,362,0,0,0,1,283,49,306
2026-03-10T03:23:01,483,448,490,0,299,0,0,0,1,234,46,259
2026-03-10T03:24:01,478,446,487,0,254,0,0,0,1,192,44,211
2026-03-10T03:25:01,468,437,491,0,280,0,0,0,1,157,41,165
2026-03-10T03:26:01,453,432,484,0,401,0,0,0,1,143,39,141
2026-03-10T03:27:01,440,405,484,0,417,0,0,0,1,134,37,155
2026-03-10T03:28:01,428,403,476,0,417,0,0,0,1,125,34,156
2026-03-10T03:29:01,425,420,477,0,378,0,0,0,1,120,31,146
2026-03-10T03:30:01,450,413,476,0,344,0,0,0,1,113,31,138
2026-03-10T03:31:01,448,421,480,0,378,0,0,0,1,106,29,133
2026-03-10T03:32:01,472,406,489,0,336,0,0,0,1,96,28,121
2026-03-10T03:33:01,475,417,492,0,306,0,0,0,1,86,27,108
2026-03-10T03:34:01,471,431,488,0,286,0,0,0,1,79,25,105
2026-03-10T03:35:01,464,431,487,0,283,0,0,0,1,76,23,100
2026-03-10T03:36:01,455,410,483,0,343,0,0,0,1,71,22,102
2026-03-10T03:37:01,458,406,487,0,314,0,0,0,1,66,22,97
2026-03-10T03:38:01,473,355,479,0,288,0,0,0,1,62,22,92
2026-03-10T03:39:01,463,318,490,0,257,0,0,0,1,61,20,87
2026-03-10T03:40:01,470,336,485,0,232,0,0,0,1,60,17,80
2026-03-10T03:41:01,458,367,480,0,238,0,0,0,1,56,16,78
2026-03-10T03:42:01,446,361,477,0,234,0,0,0,1,54,15,75
2026-03-10T03:43:01,434,365,473,0,224,0,0,0,1,53,14,72
2026-03-10T03:44:01,429,363,468,0,216,0,0,0,1,48,13,69
2026-03-10T03:45:01,430,357,471,0,189,0,0,0,1,46,12,65
2026-03-10T03:46:01,420,399,467,0,184,0,0,0,1,42,11,62
2026-03-10T03:47:01,457,415,484,0,172,0,0,0,1,40,10,59
2026-03-10T03:48:01,454,371,468,0,165,0,0,0,1,37,9,56
2026-03-10T03:49:01,450,348,456,0,153,0,0,0,1,35,8,56
2026-03-10T03:50:01,463,353,485,0,144,0,0,0,1,33,7,56
2026-03-10T03:51:01,456,429,488,0,199,0,0,0,1,32,6,55
2026-03-10T03:52:01,476,450,489,0,187,0,0,0,1,30,5,54
2026-03-10T03:53:01,462,468,494,0,199,0,0,0,1,30,4,52
2026-03-10T03:54:01,468,451,494,0,183,0,0,0,1,28,3,52
2026-03-10T03:55:01,481,490,497,0,211,0,0,0,1,28,2,51
2026-03-10T03:56:01,483,472,492,0,255,0,0,0,1,28,2,51
2026-03-10T03:57:01,483,462,499,0,231,0,0,0,1,28,2,51
2026-03-10T03:58:01,479,459,493,0,212,0,0,0,1,28,1,51
2026-03-10T03:59:01,487,436,493,0,183,0,0,0,1,28,1,50
2026-03-10T04:00:01,466,471,490,0,217,0,0,0,1,26,1,50
2026-03-10T04:01:01,475,462,495,0,302,0,0,0,1,25,1,49
2026-03-10T04:02:01,483,456,496,0,277,0,0,0,1,25,1,47
2026-03-10T04:03:01,468,447,490,0,259,0,0,0,1,25,1,46
2026-03-10T04:04:01,474,408,484,0,228,0,0,0,1,25,1,45
2026-03-10T04:05:01,485,461,495,0,197,0,0,0,1,23,1,42
2026-03-10T04:06:01,484,473,489,0,382,0,0,0,1,23,1,41
2026-03-10T04:07:01,485,472,491,0,357,0,0,0,1,23,1,39
2026-03-10T04:08:01,467,432,480,0,331,0,0,0,1,22,1,39
2026-03-10T04:09:01,454,412,477,0,316,0,0,0,1,21,1,39
2026-03-10T04:10:01,463,443,495,0,301,0,0,0,1,20,1,38
2026-03-10T04:11:01,482,475,492,0,426,0,0,0,1,18,1,36
2026-03-10T04:12:01,475,445,493,0,402,0,0,0,1,17,1,32
2026-03-10T04:13:01,485,431,494,0,388,0,0,0,1,12,1,32
2026-03-10T04:14:01,471,436,495,0,384,0,0,0,1,12,1,30
2026-03-10T04:15:01,479,486,495,0,410,0,0,0,1,11,1,28
2026-03-10T04:16:01,484,491,496,0,479,0,0,0,1,11,1,73
2026-03-10T04:17:01,479,488,496,0,471,0,0,0,1,10,1,61
2026-03-10T04:18:01,488,484,496,0,466,0,0,0,1,10,1,58
2026-03-10T04:19:01,479,482,497,0,458,0,0,0,1,9,1,58
2026-03-10T04:20:01,472,486,495,0,473,0,0,0,1,7,1,92
2026-03-10T04:21:01,477,478,491,0,475,0,0,0,1,7,1,177
2026-03-10T04:22:01,468,469,494,0,455,0,0,0,1,7,1,139
2026-03-10T04:23:01,473,465,494,0,441,0,0,0,1,7,1,131
2026-03-10T04:24:01,474,454,491,0,427,0,0,0,1,6,1,127
2026-03-10T04:25:01,470,484,498,0,451,0,0,0,1,6,1,121
2026-03-10T04:26:01,478,487,494,0,465,0,0,0,1,6,1,149
2026-03-10T04:27:01,469,476,494,0,442,0,0,0,1,6,1,138
2026-03-10T04:28:01,461,469,490,0,424,0,0,0,1,6,1,128
2026-03-10T04:29:01,465,459,485,0,407,0,0,0,1,6,1,117
2026-03-10T04:30:01,460,488,497,0,413,0,0,0,1,6,1,108
2026-03-10T04:31:01,478,491,491,0,479,0,0,0,1,5,1,252
2026-03-10T04:32:01,487,488,496,0,482,0,0,0,1,4,1,353
2026-03-10T04:33:01,483,483,492,0,462,0,0,0,1,4,1,319
2026-03-10T04:34:01,477,477,490,0,447,0,0,0,1,4,1,307
2026-03-10T04:35:01,483,486,499,0,475,0,0,0,1,4,1,298
2026-03-10T04:36:01,494,492,498,0,477,0,0,0,1,4,1,432
2026-03-10T04:37:01,490,478,496,0,462,0,0,0,1,4,1,393
2026-03-10T04:38:01,490,462,494,0,445,0,0,0,1,4,1,321
2026-03-10T04:39:01,482,453,493,0,421,0,0,0,1,4,1,298
2026-03-10T04:40:01,483,474,496,0,407,0,0,0,1,4,1,284
2026-03-10T04:41:01,484,471,493,0,373,0,0,0,1,4,1,264
2026-03-10T04:42:01,467,457,488,0,352,0,0,0,1,4,1,235
2026-03-10T04:43:01,457,443,485,0,328,0,0,0,1,4,1,214
2026-03-10T04:44:01,447,431,475,0,311,0,0,0,1,3,1,196
2026-03-10T04:45:01,486,448,490,0,300,0,0,0,1,3,1,191
2026-03-10T04:46:01,493,486,491,0,327,0,0,0,1,3,1,187
2026-03-10T04:47:01,497,490,497,0,318,0,0,0,1,3,1,187
2026-03-10T04:48:01,494,494,497,0,324,0,0,0,1,3,1,187
2026-03-10T04:49:01,492,488,495,0,326,0,0,0,1,3,1,187
2026-03-10T04:50:01,496,490,498,0,378,0,0,0,1,3,1,185
2026-03-10T04:51:01,492,487,497,0,433,0,0,0,1,3,1,183
2026-03-10T04:52:01,498,489,497,0,423,0,0,0,1,3,1,183
2026-03-10T04:53:01,493,491,495,0,420,0,0,0,1,3,1,182
2026-03-10T04:54:01,492,474,493,0,410,0,0,0,1,3,1,180
2026-03-10T04:55:01,496,485,498,0,481,0,0,0,1,3,1,180
2026-03-10T04:56:01,492,483,496,0,479,0,0,0,1,3,1,424
2026-03-10T04:57:01,495,484,494,0,482,0,0,0,1,3,1,447
2026-03-10T04:58:01,491,482,497,0,483,0,0,0,1,3,1,432
2026-03-10T04:59:01,491,485,494,0,470,0,0,0,1,3,1,423
2026-03-10T05:00:01,495,487,496,0,474,0,0,0,1,3,1,467
2026-03-10T05:01:01,493,479,495,0,462,0,0,0,1,158,1,465
2026-03-10T05:02:01,491,477,495,0,430,0,0,0,1,157,1,447
2026-03-10T05:03:01,486,482,493,0,400,0,0,0,1,138,1,427
2026-03-10T05:04:01,492,476,495,0,374,0,0,0,1,109,1,393
2026-03-10T05:05:01,481,464,492,0,457,0,0,0,1,96,1,343
2026-03-10T05:06:01,483,470,491,0,478,0,0,0,1,137,1,460
2026-03-10T05:07:01,483,475,484,0,477,0,0,0,1,331,1,454
2026-03-10T05:08:01,485,481,493,0,477,0,0,0,1,468,28,467
2026-03-10T05:09:01,489,476,494,0,472,0,0,0,1,474,203,470
2026-03-10T05:10:01,482,474,493,0,457,0,0,0,1,464,341,474
2026-03-10T05:11:01,483,472,492,0,443,0,0,0,1,414,319,447
2026-03-10T05:12:01,483,472,494,0,421,0,0,0,1,336,305,395
2026-03-10T05:13:01,482,459,490,0,395,0,0,0,1,265,287,353
2026-03-10T05:14:01,477,440,482,0,363,0,0,0,1,206,259,314
2026-03-10T05:15:01,474,469,481,0,365,0,0,0,1,156,206,284
2026-03-10T05:16:01,478,465,483,0,469,0,0,0,1,104,165,334
2026-03-10T05:17:01,473,465,483,0,468,0,0,0,1,78,126,462
2026-03-10T05:18:01,489,474,491,0,458,0,0,0,1,191,87,453
2026-03-10T05:19:01,491,470,494,0,463,0,0,0,1,302,61,471
2026-03-10T05:20:01,489,477,491,0,467,0,0,0,1,364,43,471
2026-03-10T05:21:01,485,457,490,0,441,0,0,0,1,344,30,437
2026-03-10T05:22:01,481,444,490,0,386,0,0,0,1,324,23,383
2026-03-10T05:23:01,477,415,476,0,354,0,0,0,1,292,15,342
2026-03-10T05:24:01,458,390,463,0,326,0,0,0,1,260,13,308
2026-03-10T05:25:01,457,395,475,0,291,0,0,0,1,217,7,279
2026-03-10T05:26:01,463,429,475,0,263,0,0,0,1,148,7,241
2026-03-10T05:27:01,429,341,453,0,241,0,0,0,1,109,7,195
2026-03-10T05:28:01,409,328,445,0,216,0,0,0,1,91,6,169
2026-03-10T05:29:01,397,310,438,0,204,0,0,0,1,79,3,148
2026-03-10T05:30:01,447,297,435,0,195,0,0,0,1,64,3,129
2026-03-10T05:31:01,458,319,491,0,188,0,0,0,1,59,3,121
2026-03-10T05:32:01,436,296,473,0,180,0,0,0,1,58,3,113
2026-03-10T05:33:01,419,280,462,0,176,0,0,0,1,58,2,108
2026-03-10T05:34:01,409,275,453,0,172,0,0,0,1,56,2,106
2026-03-10T05:35:01,475,269,468,0,168,0,0,0,1,56,2,99
2026-03-10T05:36:01,470,481,490,0,175,0,0,0,1,56,1,97
2026-03-10T05:37:01,479,454,481,0,245,0,0,0,1,53,1,92
2026-03-10T05:38:01,470,424,468,0,226,0,0,0,1,48,1,90
2026-03-10T05:39:01,451,409,453,0,214,0,0,0,1,47,1,90
2026-03-10T05:40:01,460,412,489,0,206,0,0,0,1,43,1,86
2026-03-10T05:41:01,475,485,489,0,354,0,0,0,1,41,1,84
2026-03-10T05:42:01,485,476,492,0,467,0,0,0,1,39,1,186
2026-03-10T05:43:01,483,491,491,0,474,0,0,0,1,37,1,198
2026-03-10T05:44:01,484,491,486,0,456,0,0,0,1,35,1,194
2026-03-10T05:45:01,479,487,484,0,469,0,0,0,1,32,1,254
2026-03-10T05:46:01,484,487,492,0,486,0,0,0,1,68,1,460
2026-03-10T05:47:01,490,487,493,0,470,0,0,0,1,244,1,476
2026-03-10T05:48:01,492,473,490,0,450,0,0,0,1,236,1,470
2026-03-10T05:49:01,485,455,492,0,428,0,0,0,1,214,1,447
2026-03-10T05:50:01,487,458,485,0,451,0,0,0,1,192,1,457
2026-03-10T05:51:01,487,462,481,0,445,0,0,0,1,350,1,473
2026-03-10T05:52:01,486,462,486,0,436,0,0,0,1,466,45,476
2026-03-10T05:53:01,486,469,485,0,450,0,0,0,1,469,177,458
2026-03-10T05:54:01,477,469,487,0,467,0,0,0,1,469,178,463
2026-03-10T05:55:01,480,467,486,0,476,0,0,0,1,473,176,462
2026-03-10T05:56:01,479,477,487,0,475,0,0,0,1,475,345,459
2026-03-10T05:57:01,486,482,486,0,473,0,0,0,29,481,473,466
2026-03-10T05:58:01,488,485,490,0,477,0,0,0,27,477,476,463
2026-03-10T05:59:01,486,481,489,0,469,0,0,0,27,444,463,444
2026-03-10T06:00:01,477,474,486,0,471,0,0,0,23,428,451,465
2026-03-10T06:01:01,462,453,481,0,451,0,0,0,14,392,440,436
2026-03-10T06:02:01,457,444,473,0,419,0,0,0,13,356,391,402
2026-03-10T06:03:01,451,426,463,0,394,0,0,0,13,310,352,363
2026-03-10T06:04:01,440,406,453,0,364,0,0,0,13,283,322,334
2026-03-10T06:05:01,429,385,446,0,335,0,0,0,12,243,297,306
2026-03-10T06:06:01,423,375,436,0,310,0,0,0,11,224,274,274
2026-03-10T06:07:01,414,364,425,0,292,0,0,0,10,203,251,257
2026-03-10T06:08:01,405,356,412,0,278,0,0,0,10,181,233,239
2026-03-10T06:09:01,401,347,407,0,258,0,0,0,10,165,216,224
2026-03-10T06:10:01,397,334,400,0,240,0,0,0,10,150,205,205
2026-03-10T06:11:01,396,321,395,0,225,0,0,0,9,146,194,193
2026-03-10T06:12:01,394,312,386,0,218,0,0,0,8,132,184,179
2026-03-10T06:13:01,388,307,380,0,211,0,0,0,8,116,180,169
2026-03-10T06:14:01,383,302,374,0,201,0,0,0,8,105,171,166
2026-03-10T06:15:01,382,296,368,0,189,0,0,0,8,92,164,161
2026-03-10T06:16:01,377,290,367,0,172,0,0,0,8,88,159,155
2026-03-10T06:17:01,373,283,366,0,159,0,0,0,8,82,154,150
2026-03-10T06:18:01,367,272,363,0,152,0,0,0,8,73,142,137
2026-03-10T06:19:01,364,267,356,0,146,0,0,0,8,70,136,132
2026-03-10T06:20:01,360,264,355,0,142,0,0,0,8,65,123,127
2026-03-10T06:21:01,356,257,347,0,138,0,0,0,8,60,114,121
2026-03-10T06:22:01,353,254,339,0,134,0,0,0,8,54,103,114
2026-03-10T06:23:01,351,253,335,0,131,0,0,0,8,49,97,111
2026-03-10T06:24:01,348,248,330,0,129,0,0,0,8,47,93,105
2026-03-10T06:25:01,346,245,326,0,126,0,0,0,8,43,88,101
2026-03-10T06:26:01,340,245,321,0,122,0,0,0,7,40,87,99
2026-03-10T06:27:01,337,241,317,0,120,0,0,0,5,39,86,95
2026-03-10T06:28:01,332,238,315,0,120,0,0,0,4,38,85,90
2026-03-10T06:29:01,326,235,312,0,118,0,0,0,3,38,85,89
2026-03-10T06:30:01,324,229,311,0,117,0,0,0,2,37,84,88
2026-03-10T06:31:01,324,226,307,0,116,0,0,0,1,37,83,86
2026-03-10T06:32:01,322,224,307,0,116,0,0,0,1,37,83,86
2026-03-10T06:33:01,321,223,305,0,114,0,0,0,1,36,83,85
2026-03-10T06:34:01,319,222,301,0,112,0,0,0,1,36,82,85
2026-03-10T06:35:01,317,217,298,0,111,0,0,0,1,35,82,84
2026-03-10T06:36:01,313,214,295,0,107,0,0,0,1,33,82,82
2026-03-10T06:37:01,311,210,289,0,106,0,0,0,1,33,81,79
2026-03-10T06:38:01,309,206,284,0,106,0,0,0,1,32,80,79
2026-03-10T06:39:01,306,200,278,0,105,0,0,0,1,32,75,78
2026-03-10T06:40:01,304,195,277,0,103,0,0,0,1,31,73,78
2026-03-10T06:41:01,303,188,273,0,102,0,0,0,1,29,72,77
2026-03-10T06:42:01,300,184,270,0,101,0,0,0,1,29,71,75
2026-03-10T06:43:01,296,182,263,0,94,0,0,0,1,27,69,74
2026-03-10T06:44:01,296,179,262,0,94,0,0,0,1,27,68,72
2026-03-10T06:45:01,293,177,261,0,92,0,0,0,1,27,65,72
2026-03-10T06:46:01,291,173,257,0,86,0,0,0,1,26,61,68
2026-03-10T06:47:01,287,167,256,0,82,0,0,0,1,25,55,68
2026-03-10T06:48:01,283,159,252,0,81,0,0,0,1,25,49,66
2026-03-10T06:49:01,278,159,246,0,81,0,0,0,1,23,44,64
2026-03-10T06:50:01,275,157,243,0,79,0,0,0,1,22,41,64
2026-03-10T06:51:01,272,155,239,0,79,0,0,0,1,22,38,62
2026-03-10T06:52:01,265,150,238,0,78,0,0,0,1,20,33,58
2026-03-10T06:53:01,262,149,233,0,76,0,0,0,1,19,30,57
2026-03-10T06:54:01,260,149,230,0,75,0,0,0,1,19,19,55
2026-03-10T06:55:01,257,146,227,0,74,0,0,0,1,18,16,52
2026-03-10T06:56:01,253,143,220,0,74,0,0,0,1,17,13,50
2026-03-10T06:57:01,251,141,217,0,73,0,0,0,1,16,13,47
2026-03-10T06:58:01,245,140,214,0,72,0,0,0,1,15,9,47
2026-03-10T06:59:01,243,138,212,0,72,0,0,0,1,14,8,46
2026-03-10T07:00:01,241,136,210,0,72,0,0,0,1,14,7,44
2026-03-10T07:01:01,241,135,209,0,72,0,0,0,1,14,7,44
2026-03-10T07:02:01,240,134,207,0,71,0,0,0,1,14,5,43
2026-03-10T07:03:01,239,132,203,0,71,0,0,0,1,14,4,43
2026-03-10T07:04:01,239,129,201,0,71,0,0,0,1,14,3,40
2026-03-10T07:05:01,237,128,199,0,71,0,0,0,1,14,3,39
2026-03-10T07:06:01,233,128,196,0,71,0,0,0,1,14,3,38
2026-03-10T07:07:01,231,128,195,0,71,0,0,0,1,14,3,38
2026-03-10T07:08:01,229,128,191,0,71,0,0,0,1,14,2,37
2026-03-10T07:09:01,228,126,188,0,71,0,0,0,1,14,2,37
2026-03-10T07:10:01,228,124,187,0,71,0,0,0,1,14,2,35
2026-03-10T07:11:01,226,123,182,0,71,0,0,0,1,14,2,35
2026-03-10T07:12:01,224,122,179,0,71,0,0,0,1,13,2,34
2026-03-10T07:13:01,221,121,177,0,71,0,0,0,1,13,2,34
2026-03-10T07:14:01,218,121,174,0,70,0,0,0,1,13,2,34
2026-03-10T07:15:01,218,117,171,0,70,0,0,0,1,13,2,34
2026-03-10T07:16:01,217,116,168,0,70,0,0,0,1,13,2,33
2026-03-10T07:17:01,217,115,165,0,69,0,0,0,1,13,2,33
2026-03-10T07:18:01,216,115,161,0,69,0,0,0,1,13,2,33
2026-03-10T07:19:01,216,113,159,0,69,0,0,0,1,13,2,33
2026-03-10T07:20:01,215,111,157,0,67,0,0,0,1,13,2,32
2026-03-10T07:21:01,210,111,155,0,67,0,0,0,1,13,2,32
2026-03-10T07:22:01,209,111,154,0,67,0,0,0,1,13,2,32
2026-03-10T07:23:01,208,109,153,0,67,0,0,0,1,13,2,32
2026-03-10T07:24:01,207,109,150,0,67,0,0,0,1,13,2,32
2026-03-10T07:25:01,206,109,147,0,67,0,0,0,1,13,2,32
2026-03-10T07:26:01,205,109,143,0,67,0,0,0,1,13,2,32
2026-03-10T07:27:01,203,107,137,0,67,0,0,0,1,13,2,31
2026-03-10T07:28:01,202,107,135,0,67,0,0,0,1,13,2,31
2026-03-10T07:29:01,201,107,135,0,67,0,0,0,1,13,2,31
2026-03-10T07:30:01,199,107,132,0,67,0,0,0,1,13,2,31
2026-03-10T07:31:01,196,106,129,0,67,0,0,0,1,13,2,31
2026-03-10T07:32:01,196,106,128,0,67,0,0,0,1,13,2,30
2026-03-10T07:33:01,195,106,124,0,67,0,0,0,1,13,2,29
2026-03-10T07:34:01,194,106,121,0,67,0,0,0,1,13,2,29
2026-03-10T07:35:01,192,106,117,0,67,0,0,0,1,13,2,29
2026-03-10T07:36:01,191,105,116,0,67,0,0,0,1,13,2,29
2026-03-10T07:37:01,190,104,116,0,67,0,0,0,1,13,2,29
2026-03-10T07:38:01,190,104,114,0,66,0,0,0,1,13,2,29
2026-03-10T07:39:01,189,104,111,0,66,0,0,0,1,13,2,29
2026-03-10T07:40:01,189,104,111,0,66,0,0,0,1,13,2,29
2026-03-10T07:41:01,189,104,107,0,66,0,0,0,1,13,2,29
2026-03-10T07:42:01,189,103,103,0,65,0,0,0,1,13,2,29
2026-03-10T07:43:01,186,103,101,0,65,0,0,0,1,13,2,29
2026-03-10T07:44:01,185,102,100,0,65,0,0,0,1,13,2,29
2026-03-10T07:45:01,181,101,99,0,65,0,0,0,1,13,2,29
2026-03-10T07:46:01,180,100,98,0,65,0,0,0,1,13,2,29
2026-03-10T07:47:01,178,100,96,0,65,0,0,0,1,13,2,29
2026-03-10T07:48:01,176,100,96,0,65,0,0,0,1,13,2,29
2026-03-10T07:49:01,174,100,93,0,65,0,0,0,1,13,2,29
2026-03-10T07:50:01,174,100,89,0,65,0,0,0,1,13,2,29
2026-03-10T07:51:01,171,99,89,0,63,0,0,0,1,13,2,29
2026-03-10T07:52:01,169,99,89,0,63,0,0,0,1,13,2,29
2026-03-10T07:53:01,168,99,89,0,62,0,0,0,1,13,2,29
2026-03-10T07:54:01,168,99,89,0,62,0,0,0,1,13,2,29
2026-03-10T07:55:01,168,99,89,0,61,0,0,0,1,13,2,29
2026-03-10T07:56:01,167,99,89,0,60,0,0,0,1,13,2,29
2026-03-10T07:57:01,167,98,89,0,59,0,0,0,1,13,2,29
2026-03-10T07:58:01,166,98,89,0,57,0,0,0,1,13,2,29
2026-03-10T07:59:01,164,98,88,0,57,0,0,0,1,13,2,29
2026-03-10T08:00:01,164,97,86,0,57,0,0,0,1,13,2,29
2026-03-10T08:01:01,163,97,85,0,56,0,0,0,1,13,2,29
2026-03-10T08:02:01,163,96,84,0,56,0,0,0,1,13,2,29
2026-03-10T08:03:01,162,96,83,0,56,0,0,0,1,13,2,29
2026-03-10T08:04:01,162,95,82,0,56,0,0,0,1,13,2,29
2026-03-10T08:05:01,162,95,80,0,55,0,0,0,1,13,2,29
2026-03-10T08:06:01,162,95,80,0,55,0,0,0,1,13,2,29
2026-03-10T08:07:01,162,95,79,0,55,0,0,0,1,13,2,29
2026-03-10T08:08:01,162,93,77,0,55,0,0,0,1,13,2,29
2026-03-10T08:09:01,161,93,77,0,55,0,0,0,1,13,2,29
2026-03-10T08:10:01,160,93,77,0,54,0,0,0,1,13,2,29
2026-03-10T08:11:01,158,93,76,0,54,0,0,0,1,13,2,29
2026-03-10T08:12:01,158,91,73,0,54,0,0,0,1,13,2,29
2026-03-10T08:13:01,158,91,73,0,54,0,0,0,1,13,2,29
2026-03-10T08:14:01,158,91,72,0,54,0,0,0,1,13,2,29
2026-03-10T08:15:01,158,90,66,0,54,0,0,0,1,13,2,29
2026-03-10T08:16:01,158,89,66,0,53,0,0,0,1,13,2,29
2026-03-10T08:17:01,158,89,66,0,52,0,0,0,1,13,2,29
2026-03-10T08:18:01,157,89,64,0,52,0,0,0,1,13,2,29
2026-03-10T08:19:01,156,87,64,0,52,0,0,0,1,13,2,29
2026-03-10T08:20:01,155,87,62,0,52,0,0,0,1,13,2,29
2026-03-10T08:21:01,155,87,61,0,52,0,0,0,1,13,2,29
2026-03-10T08:22:01,154,87,58,0,52,0,0,0,1,13,2,29
2026-03-10T08:23:01,152,87,58,0,52,0,0,0,1,13,2,29
2026-03-10T08:24:01,151,86,58,0,52,0,0,0,1,13,2,29
2026-03-10T08:25:01,150,86,58,0,51,0,0,0,1,13,2,29
2026-03-10T08:26:01,150,85,57,0,51,0,0,0,1,13,2,29
2026-03-10T08:27:01,150,85,56,0,51,0,0,0,1,13,2,29
2026-03-10T08:28:01,149,85,56,0,51,0,0,0,1,13,2,29
2026-03-10T08:29:01,148,85,54,0,51,0,0,0,1,13,2,29
2026-03-10T08:30:01,147,85,53,0,51,0,0,0,1,13,2,29
2026-03-10T08:31:01,146,85,53,0,51,0,0,0,1,13,2,29
2026-03-10T08:32:01,145,84,53,0,51,0,0,0,1,13,2,29
2026-03-10T08:33:01,143,84,53,0,51,0,0,0,1,13,2,29
2026-03-10T08:34:01,143,84,53,0,51,0,0,0,1,13,2,29
2026-03-10T08:35:01,142,84,53,0,51,0,0,0,1,13,2,29
2026-03-10T08:36:01,140,84,50,0,51,0,0,0,1,13,2,29
2026-03-10T08:37:01,140,84,49,0,50,0,0,0,1,13,2,29
2026-03-10T08:38:01,140,83,47,0,49,0,0,0,1,13,2,29
2026-03-10T08:39:01,139,83,45,0,48,0,0,0,1,13,2,29
2026-03-10T08:40:01,138,82,45,0,48,0,0,0,1,13,2,29
2026-03-10T08:41:01,137,82,44,0,48,0,0,0,1,13,2,29
2026-03-10T08:42:01,137,82,44,0,48,0,0,0,1,13,2,29
2026-03-10T08:43:01,137,81,42,0,48,0,0,0,1,13,2,29
2026-03-10T08:44:01,136,81,41,0,48,0,0,0,1,13,2,29
2026-03-10T08:45:01,136,81,41,0,48,0,0,0,1,13,2,29
2026-03-10T08:46:01,135,80,41,0,48,0,0,0,1,13,2,29
2026-03-10T08:47:01,135,78,41,0,48,0,0,0,1,13,2,29
2026-03-10T08:48:01,135,78,40,0,47,0,0,0,1,13,2,29
2026-03-10T08:49:01,134,78,39,0,47,0,0,0,1,13,2,29
2026-03-10T08:50:01,133,78,39,0,47,0,0,0,1,13,2,29
2026-03-10T08:51:01,131,78,39,0,47,0,0,0,1,13,2,29
2026-03-10T08:52:01,131,78,39,0,47,0,0,0,1,13,2,29
2026-03-10T08:53:01,129,77,39,0,47,0,0,0,1,13,2,29
2026-03-10T08:54:01,129,77,38,0,46,0,0,0,1,13,2,29
2026-03-10T08:55:01,128,76,37,0,46,0,0,0,1,13,2,29
2026-03-10T08:56:01,128,76,35,0,46,0,0,0,1,13,2,29
2026-03-10T08:57:01,127,76,35,0,46,0,0,0,1,13,2,29
2026-03-10T08:58:01,126,75,35,0,46,0,0,0,1,13,2,29
2026-03-10T08:59:01,126,75,35,0,46,0,0,0,1,13,2,29
2026-03-10T09:00:01,123,75,35,0,46,0,0,0,1,13,2,29
2026-03-10T09:01:01,122,75,34,0,46,0,0,0,1,13,2,29
2026-03-10T09:02:01,121,73,33,0,46,0,0,0,1,13,2,29
2026-03-10T09:03:01,119,73,32,0,46,0,0,0,1,13,2,29
2026-03-10T09:04:01,119,72,32,0,46,0,0,0,1,13,2,29
2026-03-10T09:05:01,118,72,32,0,46,0,0,0,1,13,2,29
2026-03-10T09:06:01,117,70,32,0,46,0,0,0,1,13,2,29
2026-03-10T09:07:01,117,70,32,0,46,0,0,0,1,13,2,29
2026-03-10T09:08:01,117,70,32,0,46,0,0,0,1,13,2,29
2026-03-10T09:09:01,117,69,32,0,46,0,0,0,1,13,2,29
2026-03-10T09:10:01,117,69,32,0,46,0,0,0,1,13,2,29
2026-03-10T09:11:01,116,69,31,0,46,0,0,0,1,13,2,29
2026-03-10T09:12:01,116,68,30,0,46,0,0,0,1,13,2,29
2026-03-10T09:13:01,115,68,30,0,46,0,0,0,1,13,2,29
2026-03-10T09:14:01,114,68,30,0,46,0,0,0,1,13,2,29
2026-03-10T09:15:01,114,68,30,0,46,0,0,0,1,13,2,29
2026-03-10T09:16:01,113,67,30,0,46,0,0,0,1,13,2,29
2026-03-10T09:17:01,112,67,30,0,46,0,0,0,1,13,2,29
2026-03-10T09:18:01,112,67,30,0,46,0,0,0,1,13,2,29
2026-03-10T09:19:01,112,67,29,0,46,0,0,0,1,13,2,29
2026-03-10T09:20:01,112,67,29,0,46,0,0,0,1,13,2,29
2026-03-10T09:21:01,112,67,29,0,46,0,0,0,1,13,2,29
2026-03-10T09:22:01,112,66,29,0,46,0,0,0,1,13,2,29
2026-03-10T09:23:01,112,66,29,0,46,0,0,0,1,13,2,29
2026-03-10T09:24:01,112,66,29,0,46,0,0,0,1,13,2,29
2026-03-10T09:25:01,111,64,29,0,46,0,0,0,1,13,2,29
2026-03-10T09:26:01,110,64,28,0,46,0,0,0,1,13,2,29
2026-03-10T09:27:01,110,63,28,0,46,0,0,0,1,13,2,29
2026-03-10T09:28:01,109,63,28,0,46,0,0,0,1,13,2,29
2026-03-10T09:29:01,108,63,28,0,46,0,0,0,1,13,2,29
2026-03-10T09:30:01,108,63,28,0,46,0,0,0,1,13,2,29
2026-03-10T09:31:01,108,63,28,0,46,0,0,0,1,13,2,29
2026-03-10T09:32:01,108,63,28,0,46,0,0,0,1,13,2,29
2026-03-10T09:33:01,108,63,28,0,46,0,0,0,1,13,2,29
2026-03-10T09:34:01,108,63,28,0,46,0,0,0,1,13,2,29
2026-03-10T09:35:01,108,63,28,0,46,0,0,0,1,13,2,29
2026-03-10T09:36:01,108,62,28,0,46,0,0,0,1,13,2,29
2026-03-10T09:37:01,107,62,28,0,46,0,0,0,1,13,2,29
2026-03-10T09:38:01,106,62,28,0,46,0,0,0,1,13,2,29
2026-03-10T09:39:01,106,62,28,0,46,0,0,0,1,13,2,29
2026-03-10T09:40:01,105,62,28,0,46,0,0,0,1,13,2,29
2026-03-10T09:41:01,105,62,28,0,46,0,0,0,1,13,2,29
2026-03-10T09:42:01,105,62,27,0,46,0,0,0,1,13,2,29
2026-03-10T09:43:01,105,62,26,0,46,0,0,0,1,13,2,29
2026-03-10T09:44:01,105,62,26,0,46,0,0,0,1,13,2,29
2026-03-10T09:45:01,104,62,25,0,46,0,0,0,1,13,2,29
2026-03-10T09:46:01,103,62,25,0,46,0,0,0,1,13,2,29
2026-03-10T09:47:01,103,61,25,0,46,0,0,0,1,13,2,29
2026-03-10T09:48:01,103,61,24,0,46,0,0,0,1,13,2,29
2026-03-10T09:49:01,103,61,24,0,46,0,0,0,1,13,2,29
2026-03-10T09:50:01,103,61,24,0,46,0,0,0,1,13,2,29
2026-03-10T09:51:01,103,61,24,0,46,0,0,0,1,13,2,29
2026-03-10T09:52:01,103,61,24,0,46,0,0,0,1,13,2,29
2026-03-10T09:53:01,103,61,24,0,46,0,0,0,1,13,2,29
2026-03-10T09:54:01,103,61,24,0,46,0,0,0,1,13,2,29
2026-03-10T09:55:01,103,60,24,0,46,0,0,0,1,13,2,29
2026-03-10T09:56:01,103,60,24,0,46,0,0,0,1,13,2,29
2026-03-10T09:57:01,103,59,24,0,46,0,0,0,1,13,2,29
2026-03-10T09:58:01,103,59,24,0,45,0,0,0,1,13,2,29
2026-03-10T09:59:01,103,59,24,0,44,0,0,0,1,13,2,29
2026-03-10T10:00:01,103,59,24,0,44,0,0,0,1,13,2,29
2026-03-10T10:01:01,103,59,24,0,44,0,0,0,1,13,2,29
2026-03-10T10:02:01,103,59,24,0,44,0,0,0,1,13,2,29
2026-03-10T10:03:01,103,59,24,0,44,0,0,0,1,13,2,29
2026-03-10T10:04:01,103,59,24,0,44,0,0,0,1,13,2,29
2026-03-10T10:05:01,102,59,24,0,44,0,0,0,1,13,2,29
2026-03-10T10:06:01,101,59,24,0,44,0,0,0,1,13,2,29
2026-03-10T10:07:01,101,59,24,0,44,0,0,0,1,13,2,29
2026-03-10T10:08:01,101,59,24,0,44,0,0,0,1,13,2,29
2026-03-10T10:09:01,99,59,24,0,44,0,0,0,1,13,2,29
2026-03-10T10:10:01,99,59,24,0,44,0,0,0,1,13,2,29
2026-03-10T10:11:01,99,59,24,0,44,0,0,0,1,13,2,29
2026-03-10T10:12:01,99,59,24,0,44,0,0,0,1,13,2,29
2026-03-10T10:13:01,99,59,24,0,44,0,0,0,1,13,2,29
2026-03-10T10:14:01,99,59,24,0,44,0,0,0,1,13,2,29
2026-03-10T10:15:01,99,59,24,0,44,0,0,0,1,13,2,29
2026-03-10T10:16:01,98,59,24,0,44,0,0,0,1,13,2,29
2026-03-10T10:17:01,98,58,24,0,44,0,0,0,1,13,2,29
2026-03-10T10:18:01,98,58,24,0,44,0,0,0,1,13,2,29
2026-03-10T10:19:01,98,58,22,0,44,0,0,0,1,13,2,29
2026-03-10T10:20:01,97,58,22,0,44,0,0,0,1,13,2,29
2026-03-10T10:21:01,97,58,21,0,44,0,0,0,1,13,2,29
2026-03-10T10:22:01,96,58,20,0,44,0,0,0,1,13,2,29
2026-03-10T10:23:01,96,58,20,0,44,0,0,0,1,13,2,29
2026-03-10T10:24:01,96,58,20,0,44,0,0,0,1,13,2,29
2026-03-10T10:25:01,96,58,20,0,44,0,0,0,1,13,2,29
2026-03-10T10:26:01,95,58,20,0,44,0,0,0,1,13,2,29
2026-03-10T10:27:01,94,58,20,0,44,0,0,0,1,13,2,29
2026-03-10T10:28:01,94,58,20,0,44,0,0,0,1,13,2,29
2026-03-10T10:29:01,94,58,20,0,44,0,0,0,1,13,2,29
2026-03-10T10:30:01,94,57,20,0,44,0,0,0,1,13,2,29
2026-03-10T10:31:01,94,57,20,0,44,0,0,0,1,13,2,29
2026-03-10T10:32:01,94,57,20,0,44,0,0,0,1,13,2,29
2026-03-10T10:33:01,94,57,20,0,44,0,0,0,1,13,2,29
2026-03-10T10:34:01,94,57,20,0,44,0,0,0,1,13,2,29
2026-03-10T10:35:01,94,57,20,0,44,0,0,0,1,13,2,29
2026-03-10T10:36:01,93,57,20,0,44,0,0,0,1,13,2,29
2026-03-10T10:37:01,93,57,20,0,44,0,0,0,1,13,2,29
2026-03-10T10:38:01,93,57,20,0,44,0,0,0,1,13,2,29
2026-03-10T10:39:01,93,57,20,0,44,0,0,0,1,13,2,29
2026-03-10T10:40:01,91,57,20,0,44,0,0,0,1,13,2,29
2026-03-10T10:41:01,91,57,20,0,44,0,0,0,1,13,2,29
2026-03-10T10:42:01,91,57,20,0,44,0,0,0,1,13,2,29
2026-03-10T10:43:01,90,57,20,0,44,0,0,0,1,13,2,29
2026-03-10T10:44:01,90,57,20,0,44,0,0,0,1,13,2,29
2026-03-10T10:45:01,89,57,20,0,44,0,0,0,1,13,2,29
2026-03-10T10:46:01,89,57,20,0,44,0,0,0,1,13,2,29
2026-03-10T10:47:01,89,57,20,0,44,0,0,0,1,13,2,29
2026-03-10T10:48:01,89,57,19,0,44,0,0,0,1,13,2,29
2026-03-10T10:49:01,89,57,19,0,44,0,0,0,1,13,2,29
2026-03-10T10:50:01,89,57,19,0,44,0,0,0,1,13,2,29
2026-03-10T10:51:01,88,57,19,0,43,0,0,0,1,13,2,29
2026-03-10T10:52:01,88,57,19,0,43,0,0,0,1,13,2,29
2026-03-10T10:53:01,87,57,19,0,43,0,0,0,1,13,2,29
2026-03-10T10:54:01,87,57,19,0,43,0,0,0,1,13,2,29
2026-03-10T10:55:01,87,57,19,0,43,0,0,0,1,13,2,29
2026-03-10T10:56:01,87,57,19,0,43,0,0,0,1,13,2,29
2026-03-10T10:57:01,87,57,18,0,43,0,0,0,1,13,2,29
2026-03-10T10:58:01,86,57,18,0,42,0,0,0,1,13,2,29
2026-03-10T10:59:01,86,57,18,0,42,0,0,0,1,13,2,29
2026-03-10T11:00:01,85,57,18,0,42,0,0,0,1,13,2,29
2026-03-10T11:01:01,85,57,18,0,42,0,0,0,1,13,2,29
2026-03-10T11:02:01,85,57,18,0,42,0,0,0,1,13,2,29
2026-03-10T11:03:01,85,57,18,0,42,0,0,0,1,13,2,29
2026-03-10T11:04:01,85,57,18,0,42,0,0,0,1,13,2,29
2026-03-10T11:05:01,85,57,18,0,42,0,0,0,1,13,2,29
2026-03-10T11:06:01,85,57,18,0,42,0,0,0,1,13,2,29
2026-03-10T11:07:01,85,57,18,0,42,0,0,0,1,13,2,29
2026-03-10T11:08:01,85,57,18,0,41,0,0,0,1,13,2,29
2026-03-10T11:09:01,84,57,18,0,41,0,0,0,1,13,2,29
2026-03-10T11:10:01,84,57,18,0,41,0,0,0,1,13,2,29
2026-03-10T11:11:01,83,57,18,0,41,0,0,0,1,13,2,29
2026-03-10T11:12:01,83,57,18,0,41,0,0,0,1,13,2,29
2026-03-10T11:13:01,83,57,18,0,39,0,0,0,1,13,2,29
2026-03-10T11:14:01,83,57,18,0,39,0,0,0,1,13,2,29
2026-03-10T11:15:01,83,57,18,0,39,0,0,0,1,13,2,29
2026-03-10T11:16:01,82,57,18,0,39,0,0,0,1,13,2,29
2026-03-10T11:17:01,82,57,18,0,39,0,0,0,1,13,2,29
2026-03-10T11:18:01,82,57,18,0,39,0,0,0,1,13,2,29
2026-03-10T11:19:01,82,57,18,0,37,0,0,0,1,13,2,29
2026-03-10T11:20:01,82,57,18,0,37,0,0,0,1,13,2,29
2026-03-10T11:21:01,82,57,18,0,37,0,0,0,1,13,2,29
2026-03-10T11:22:01,81,57,18,0,37,0,0,0,1,13,2,29
2026-03-10T11:23:01,81,57,18,0,37,0,0,0,1,13,2,29
2026-03-10T11:24:01,80,57,18,0,36,0,0,0,1,13,2,29
2026-03-10T11:25:01,79,57,18,0,36,0,0,0,1,13,2,29
2026-03-10T11:26:01,79,57,18,0,36,0,0,0,1,13,2,29
2026-03-10T11:27:01,79,56,18,0,36,0,0,0,1,13,2,29
2026-03-10T11:28:01,79,56,18,0,36,0,0,0,1,13,2,29
2026-03-10T11:29:01,78,56,18,0,36,0,0,0,1,13,2,29
2026-03-10T11:30:01,78,56,18,0,36,0,0,0,1,13,2,29
2026-03-10T11:31:01,78,56,18,0,35,0,0,0,1,13,2,29
2026-03-10T11:32:01,78,56,18,0,35,0,0,0,1,13,2,29
2026-03-10T11:33:01,78,56,18,0,35,0,0,0,1,13,2,29
2026-03-10T11:34:01,78,56,18,0,35,0,0,0,1,13,2,29
2026-03-10T11:35:01,77,56,18,0,35,0,0,0,1,13,2,29
2026-03-10T11:36:01,77,56,18,0,35,0,0,0,1,13,2,29
2026-03-10T11:37:01,77,56,18,0,35,0,0,0,1,13,2,29
2026-03-10T11:38:01,77,56,18,0,35,0,0,0,1,13,2,29
2026-03-10T11:39:01,77,56,18,0,35,0,0,0,1,13,2,29
2026-03-10T11:40:01,77,56,18,0,35,0,0,0,1,13,2,29
2026-03-10T11:41:01,76,56,18,0,35,0,0,0,1,13,2,29
2026-03-10T11:42:01,75,56,18,0,35,0,0,0,1,13,2,29
2026-03-10T11:43:01,75,56,18,0,35,0,0,0,1,13,2,29
2026-03-10T11:44:01,75,56,18,0,35,0,0,0,1,13,2,29
2026-03-10T11:45:01,75,56,18,0,35,0,0,0,1,13,2,29
2026-03-10T11:46:01,74,56,18,0,35,0,0,0,1,13,2,29
2026-03-10T11:47:01,74,56,18,0,35,0,0,0,1,13,2,29
2026-03-10T11:48:01,74,56,18,0,35,0,0,0,1,13,2,29
2026-03-10T11:49:01,74,56,18,0,35,0,0,0,1,13,2,29
2026-03-10T11:50:01,74,56,18,0,35,0,0,0,1,13,2,29
2026-03-10T11:51:01,73,56,18,0,35,0,0,0,1,13,2,29
2026-03-10T11:52:01,73,56,18,0,35,0,0,0,1,13,2,29
2026-03-10T11:53:01,73,56,18,0,35,0,0,0,1,13,2,29
2026-03-10T11:54:01,73,56,18,0,35,0,0,0,1,13,2,29
2026-03-10T11:55:01,73,56,18,0,35,0,0,0,0,13,2,29
2026-03-10T11:56:01,72,56,18,0,35,0,0,0,0,13,2,29
2026-03-10T11:57:01,72,56,18,0,35,0,0,0,0,13,2,29
2026-03-10T11:58:01,71,56,18,0,35,0,0,0,0,13,2,29
2026-03-10T11:59:01,71,56,18,0,35,0,0,0,0,13,2,29
2026-03-10T12:00:01,71,56,18,0,35,0,0,0,0,13,2,29
2026-03-10T12:01:01,71,56,18,0,35,0,0,0,0,13,2,29
2026-03-10T12:02:01,71,56,18,0,35,0,0,0,0,13,2,29
2026-03-10T12:03:01,71,56,18,0,35,0,0,0,0,13,2,29
2026-03-10T12:04:01,71,56,18,0,35,0,0,0,0,13,2,29
2026-03-10T12:05:01,71,56,18,0,35,0,0,0,0,13,2,29
2026-03-10T12:06:01,71,56,18,0,35,0,0,0,0,13,2,29
2026-03-10T12:07:01,71,56,18,0,35,0,0,0,0,13,2,29
2026-03-10T12:08:01,70,56,18,0,35,0,0,0,0,13,2,29
2026-03-10T12:09:01,70,56,17,0,35,0,0,0,0,13,2,29
2026-03-10T12:10:01,70,56,17,0,35,0,0,0,0,13,2,29
2026-03-10T12:11:01,70,54,17,0,35,0,0,0,0,13,2,29
2026-03-10T12:12:01,69,54,17,0,35,0,0,0,0,13,2,29
2026-03-10T12:13:01,69,54,16,0,35,0,0,0,0,13,2,29
2026-03-10T12:14:01,69,54,16,0,35,0,0,0,0,13,2,29
2026-03-10T12:15:01,69,54,16,0,35,0,0,0,0,13,2,29
2026-03-10T12:16:01,68,54,16,0,35,0,0,0,0,13,2,29
2026-03-10T12:17:01,68,54,16,0,35,0,0,0,0,13,2,29
2026-03-10T12:18:01,68,54,16,0,35,0,0,0,0,13,2,29
2026-03-10T12:19:01,68,54,16,0,35,0,0,0,0,13,2,29
2026-03-10T12:20:01,68,54,16,0,35,0,0,0,0,13,2,29
2026-03-10T12:21:01,68,54,16,0,35,0,0,0,0,13,2,29
2026-03-10T12:22:01,68,53,16,0,35,0,0,0,0,13,2,29
2026-03-10T12:23:01,68,53,16,0,35,0,0,0,0,13,2,29
2026-03-10T12:24:01,68,53,15,0,35,0,0,0,0,13,2,29
2026-03-10T12:25:01,68,53,15,0,35,0,0,0,0,13,2,29
2026-03-10T12:26:01,67,53,15,0,35,0,0,0,0,13,2,29
2026-03-10T12:27:01,66,53,15,0,35,0,0,0,0,13,2,29
2026-03-10T12:28:01,66,53,15,0,35,0,0,0,0,13,2,29
2026-03-10T12:29:01,65,53,15,0,35,0,0,0,0,13,2,29
2026-03-10T12:30:01,65,53,15,0,35,0,0,0,0,13,2,29
2026-03-10T12:31:01,65,53,15,0,34,0,0,0,0,13,2,29
2026-03-10T12:32:01,64,53,15,0,34,0,0,0,0,13,2,29
2026-03-10T12:33:01,64,53,15,0,34,0,0,0,0,13,2,28
2026-03-10T12:34:01,64,53,15,0,34,0,0,0,0,13,2,28
2026-03-10T12:35:01,64,53,15,0,34,0,0,0,0,13,2,28
2026-03-10T12:36:01,64,53,15,0,34,0,0,0,0,13,2,28
2026-03-10T12:37:01,64,52,15,0,34,0,0,0,0,13,2,28
2026-03-10T12:38:01,64,52,15,0,33,0,0,0,0,13,2,28
2026-03-10T12:39:01,64,52,15,0,33,0,0,0,0,13,2,28
2026-03-10T12:40:01,64,52,15,0,33,0,0,0,0,13,2,28
2026-03-10T12:41:01,64,52,15,0,33,0,0,0,0,13,2,28
2026-03-10T12:42:01,64,52,15,0,33,0,0,0,0,13,2,28
2026-03-10T12:43:01,64,52,15,0,33,0,0,0,0,13,2,28
2026-03-10T12:44:01,64,52,15,0,33,0,0,0,0,13,2,28
2026-03-10T12:45:01,64,52,15,0,33,0,0,0,0,13,2,28
2026-03-10T12:46:01,64,52,15,0,33,0,0,0,0,13,2,28
2026-03-10T12:47:01,64,52,15,0,33,0,0,0,0,13,2,28
2026-03-10T12:48:01,64,52,15,0,33,0,0,0,0,13,2,28
2026-03-10T12:49:01,64,52,15,0,33,0,0,0,0,13,2,28
2026-03-10T12:50:01,64,52,15,0,33,0,0,0,0,13,2,28
2026-03-10T12:51:01,64,52,15,0,33,0,0,0,0,13,2,28
2026-03-10T12:52:01,64,52,15,0,33,0,0,0,0,13,2,27
2026-03-10T12:53:01,64,51,15,0,33,0,0,0,0,13,2,27
2026-03-10T12:54:01,64,51,15,0,33,0,0,0,0,13,2,27
2026-03-10T12:55:01,64,51,15,0,33,0,0,0,0,13,2,27
2026-03-10T12:56:01,64,51,15,0,33,0,0,0,0,13,2,27
2026-03-10T12:57:01,64,51,15,0,33,0,0,0,0,13,2,27
2026-03-10T12:58:01,64,51,15,0,33,0,0,0,0,13,2,27
2026-03-10T12:59:01,64,51,15,0,33,0,0,0,0,13,2,27
2026-03-10T13:00:01,64,51,15,0,33,0,0,0,0,13,2,27
2026-03-10T13:01:01,64,51,15,0,33,0,0,0,0,13,2,27
2026-03-10T13:02:01,63,51,15,0,33,0,0,0,0,13,2,27
2026-03-10T13:03:01,63,51,15,0,33,0,0,0,0,13,2,27
2026-03-10T13:04:01,63,51,15,0,33,0,0,0,0,13,2,27
2026-03-10T13:05:01,63,51,15,0,33,0,0,0,0,13,2,27
2026-03-10T13:06:01,63,51,14,0,33,0,0,0,0,13,2,27
2026-03-10T13:07:01,63,51,14,0,33,0,0,0,0,13,2,27
2026-03-10T13:08:01,63,50,14,0,33,0,0,0,0,13,2,27
2026-03-10T13:09:01,63,50,14,0,33,0,0,0,0,13,2,27
2026-03-10T13:10:01,63,50,14,0,33,0,0,0,0,13,2,27
2026-03-10T13:11:01,63,50,14,0,33,0,0,0,0,13,2,27
2026-03-10T13:12:01,63,50,14,0,33,0,0,0,0,13,2,27
2026-03-10T13:13:01,63,50,14,0,33,0,0,0,0,13,2,27
2026-03-10T13:14:01,63,50,14,0,33,0,0,0,0,13,2,27
2026-03-10T13:15:01,63,50,14,0,33,0,0,0,0,13,2,27
2026-03-10T13:16:01,63,50,14,0,33,0,0,0,0,13,2,27
2026-03-10T13:17:01,63,50,14,0,33,0,0,0,0,13,2,27
2026-03-10T13:18:01,63,50,14,0,33,0,0,0,0,13,2,27
2026-03-10T13:19:01,63,50,14,0,33,0,0,0,0,13,2,27
2026-03-10T13:20:01,63,50,14,0,33,0,0,0,0,13,2,27
2026-03-10T13:21:01,63,50,14,0,33,0,0,0,0,13,2,27
2026-03-10T13:22:01,63,50,14,0,33,0,0,0,0,13,2,27
2026-03-10T13:23:01,63,50,14,0,33,0,0,0,0,12,2,27
2026-03-10T13:24:01,63,50,14,0,33,0,0,0,0,12,2,27
2026-03-10T13:25:01,63,50,14,0,32,0,0,0,0,12,2,27
2026-03-10T13:26:01,63,50,14,0,32,0,0,0,0,12,2,27
2026-03-10T13:27:01,63,50,14,0,32,0,0,0,0,12,2,27
2026-03-10T13:28:01,63,50,14,0,32,0,0,0,0,12,2,27
2026-03-10T13:29:01,63,50,14,0,32,0,0,0,0,12,2,27
2026-03-10T13:30:01,63,50,14,0,32,0,0,0,0,12,2,27
2026-03-10T13:31:01,63,50,14,0,32,0,0,0,0,12,2,27
2026-03-10T13:32:01,63,50,14,0,32,0,0,0,0,12,2,27
2026-03-10T13:33:01,63,50,14,0,32,0,0,0,0,12,2,27
2026-03-10T13:34:01,63,50,14,0,32,0,0,0,0,12,2,27
2026-03-10T13:35:01,63,50,14,0,32,0,0,0,0,12,2,27
2026-03-10T13:36:01,63,50,14,0,32,0,0,0,0,12,2,27
2026-03-10T13:37:01,63,50,14,0,32,0,0,0,0,12,2,27
2026-03-10T13:38:01,63,50,14,0,32,0,0,0,0,12,2,27
2026-03-10T13:39:01,63,50,14,0,32,0,0,0,0,12,2,27
2026-03-10T13:40:01,63,50,14,0,32,0,0,0,0,12,2,27
2026-03-10T13:41:01,63,50,14,0,32,0,0,0,0,12,2,27
2026-03-10T13:42:01,63,50,14,0,32,0,0,0,0,12,2,27
2026-03-10T13:43:01,63,50,14,0,32,0,0,0,0,12,2,27
2026-03-10T13:44:01,63,50,14,0,32,0,0,0,0,12,2,27
2026-03-10T13:45:01,63,49,14,0,32,0,0,0,0,12,2,27
2026-03-10T13:46:01,63,49,14,0,32,0,0,0,0,12,2,27
2026-03-10T13:47:01,63,49,14,0,32,0,0,0,0,12,2,27
2026-03-10T13:48:01,63,49,14,0,32,0,0,0,0,12,2,27
2026-03-10T13:49:01,63,49,14,0,31,0,0,0,0,12,2,27
2026-03-10T13:50:01,63,49,14,0,31,0,0,0,0,12,2,27
2026-03-10T13:51:01,63,49,14,0,31,0,0,0,0,12,2,27
2026-03-10T13:52:01,63,49,14,0,31,0,0,0,0,12,2,27
2026-03-10T13:53:01,63,49,14,0,31,0,0,0,0,12,2,27
2026-03-10T13:54:01,63,49,14,0,31,0,0,0,0,12,2,27
2026-03-10T13:55:01,62,48,14,0,31,0,0,0,0,12,2,27
2026-03-10T13:56:01,62,48,14,0,31,0,0,0,0,12,2,27
2026-03-10T13:57:01,62,48,14,0,31,0,0,0,0,12,2,27
2026-03-10T13:58:01,62,48,14,0,31,0,0,0,0,12,2,27
2026-03-10T13:59:01,62,48,14,0,31,0,0,0,0,12,2,27
2026-03-10T14:00:01,62,48,14,0,31,0,0,0,0,12,2,27
2026-03-10T14:01:01,62,48,14,0,31,0,0,0,0,12,2,27
2026-03-10T14:02:01,62,48,14,0,31,0,0,0,0,12,2,27
2026-03-10T14:03:01,62,48,14,0,31,0,0,0,0,12,2,27
2026-03-10T14:04:01,62,48,14,0,31,0,0,0,0,12,2,27
2026-03-10T14:05:01,62,48,14,0,31,0,0,0,0,12,2,27
2026-03-10T14:06:01,62,48,14,0,31,0,0,0,0,12,2,27
2026-03-10T14:07:01,62,48,14,0,31,0,0,0,0,12,2,27
2026-03-10T14:08:01,62,48,14,0,30,0,0,0,0,12,2,27
2026-03-10T14:09:01,62,48,14,0,30,0,0,0,0,12,2,27
2026-03-10T14:10:01,62,48,14,0,30,0,0,0,0,12,2,27
2026-03-10T14:11:01,61,47,14,0,30,0,0,0,0,12,2,27
2026-03-10T14:12:01,61,47,14,0,30,0,0,0,0,11,2,27
2026-03-10T14:13:01,61,47,14,0,30,0,0,0,0,11,2,26
2026-03-10T14:14:01,61,47,14,0,30,0,0,0,0,11,1,26
2026-03-10T14:15:01,61,47,14,0,30,0,0,0,0,11,1,26
2026-03-10T14:16:01,61,47,14,0,30,0,0,0,0,11,1,26
2026-03-10T14:17:01,61,47,14,0,30,0,0,0,0,11,1,26
2026-03-10T14:18:01,61,47,14,0,30,0,0,0,0,11,1,26
2026-03-10T14:19:01,61,47,14,0,30,0,0,0,0,10,1,26
2026-03-10T14:20:01,61,47,14,0,30,0,0,0,0,10,1,26
2026-03-10T14:21:01,61,47,14,0,30,0,0,0,0,10,1,26
2026-03-10T14:22:01,61,47,14,0,30,0,0,0,0,10,1,26
2026-03-10T14:23:01,61,47,14,0,30,0,0,0,0,10,1,26
2026-03-10T14:24:01,61,47,14,0,30,0,0,0,0,10,1,26
2026-03-10T14:25:01,61,47,14,0,30,0,0,0,0,10,1,26
2026-03-10T14:26:01,61,47,14,0,30,0,0,0,0,10,1,26
2026-03-10T14:27:01,60,47,14,0,30,0,0,0,0,10,1,26
2026-03-10T14:28:01,60,47,14,0,30,0,0,0,0,10,1,26
2026-03-10T14:29:01,60,47,14,0,30,0,0,0,0,10,1,25
2026-03-10T14:30:01,60,47,14,0,30,0,0,0,0,10,1,25
2026-03-10T14:31:01,60,47,14,0,30,0,0,0,0,10,1,25
2026-03-10T14:32:01,60,47,14,0,30,0,0,0,0,10,1,25
2026-03-10T14:33:01,60,47,14,0,30,0,0,0,0,10,1,25
2026-03-10T14:34:01,60,47,14,0,30,0,0,0,0,10,1,25
2026-03-10T14:35:01,60,47,14,0,30,0,0,0,0,10,1,25
2026-03-10T14:36:01,60,47,14,0,30,0,0,0,0,10,1,25
2026-03-10T14:37:01,60,47,14,0,30,0,0,0,0,10,1,25
2026-03-10T14:38:01,59,47,14,0,30,0,0,0,0,10,1,25
2026-03-10T14:39:01,59,47,14,0,30,0,0,0,0,10,1,25
2026-03-10T14:40:01,59,46,14,0,30,0,0,0,0,10,1,25
2026-03-10T14:41:01,59,46,14,0,30,0,0,0,0,10,1,25
2026-03-10T14:42:01,59,46,14,0,30,0,0,0,0,10,1,25
2026-03-10T14:43:01,59,46,14,0,30,0,0,0,0,10,1,25
2026-03-10T14:44:01,59,46,14,0,29,0,0,0,0,10,1,25
2026-03-10T14:45:01,59,46,14,0,29,0,0,0,0,10,1,25
2026-03-10T14:46:01,59,46,14,0,29,0,0,0,0,10,1,25
2026-03-10T14:47:01,59,46,14,0,29,0,0,0,0,10,1,25
2026-03-10T14:48:01,59,46,14,0,29,0,0,0,0,10,1,25
2026-03-10T14:49:01,59,46,14,0,29,0,0,0,0,10,1,25
2026-03-10T14:50:01,59,46,14,0,29,0,0,0,0,10,1,25
2026-03-10T14:51:01,59,46,14,0,29,0,0,0,0,10,1,25
2026-03-10T14:52:01,59,46,14,0,29,0,0,0,0,10,1,25
2026-03-10T14:53:01,59,46,14,0,29,0,0,0,0,10,1,25
2026-03-10T14:54:01,59,46,14,0,29,0,0,0,0,10,1,25
2026-03-10T14:55:01,59,46,14,0,29,0,0,0,0,10,1,25
2026-03-10T14:56:01,59,46,14,0,29,0,0,0,0,10,1,25
2026-03-10T14:57:01,59,45,14,0,29,0,0,0,0,10,1,25
2026-03-10T14:58:01,59,45,14,0,29,0,0,0,0,10,1,25
2026-03-10T14:59:01,59,45,14,0,29,0,0,0,0,10,1,25
2026-03-10T15:00:01,59,45,14,0,28,0,0,0,0,10,1,25
2026-03-10T15:01:01,59,45,14,0,28,0,0,0,0,10,1,25
2026-03-10T15:02:01,59,44,14,0,28,0,0,0,0,10,1,24
2026-03-10T15:03:01,59,44,14,0,28,0,0,0,0,10,1,24
2026-03-10T15:04:01,59,44,14,0,28,0,0,0,0,10,1,24
2026-03-10T15:05:01,59,44,14,0,28,0,0,0,0,10,1,24
2026-03-10T15:06:01,59,44,14,0,28,0,0,0,0,10,1,24
2026-03-10T15:07:01,59,44,14,0,28,0,0,0,0,10,1,24
2026-03-10T15:08:01,59,44,14,0,28,0,0,0,0,10,1,24
2026-03-10T15:09:01,59,44,14,0,28,0,0,0,0,10,1,24
2026-03-10T15:10:01,59,44,14,0,28,0,0,0,0,10,1,24
2026-03-10T15:11:01,59,44,14,0,28,0,0,0,0,10,1,24
2026-03-10T15:12:01,59,44,14,0,27,0,0,0,0,10,1,24
2026-03-10T15:13:01,59,44,14,0,27,0,0,0,0,10,1,24
2026-03-10T15:14:01,59,44,14,0,27,0,0,0,0,10,1,24
2026-03-10T15:15:01,59,44,14,0,27,0,0,0,0,10,1,24
2026-03-10T15:16:01,59,44,14,0,27,0,0,0,0,10,1,24
2026-03-10T15:17:01,59,44,14,0,27,0,0,0,0,10,1,24
2026-03-10T15:18:01,59,44,14,0,27,0,0,0,0,10,1,24
2026-03-10T15:19:01,59,44,14,0,27,0,0,0,0,10,1,24
2026-03-10T15:20:01,59,44,14,0,27,0,0,0,0,10,1,24
2026-03-10T15:21:01,59,44,14,0,27,0,0,0,0,10,1,24
2026-03-10T15:22:01,59,44,14,0,27,0,0,0,0,10,1,24
2026-03-10T15:23:01,59,44,14,0,27,0,0,0,0,10,1,24
2026-03-10T15:24:01,59,44,14,0,27,0,0,0,0,10,1,24
2026-03-10T15:25:01,59,44,14,0,27,0,0,0,0,10,1,24
2026-03-10T15:26:01,59,44,14,0,27,0,0,0,0,10,1,24
2026-03-10T15:27:01,59,44,14,0,27,0,0,0,0,10,1,24
2026-03-10T15:28:01,59,43,14,0,26,0,0,0,0,10,1,24
2026-03-10T15:29:01,59,43,14,0,26,0,0,0,0,10,1,24
2026-03-10T15:30:01,59,43,14,0,26,0,0,0,0,10,1,24
2026-03-10T15:31:01,59,43,14,0,26,0,0,0,0,10,1,24
2026-03-10T15:32:01,59,43,14,0,26,0,0,0,0,10,1,24
2026-03-10T15:33:01,59,43,14,0,26,0,0,0,0,10,1,23
2026-03-10T15:34:01,59,43,14,0,26,0,0,0,0,10,1,23
2026-03-10T15:35:01,59,43,13,0,26,0,0,0,0,10,1,23
2026-03-10T15:36:01,58,42,13,0,26,0,0,0,0,10,1,23
2026-03-10T15:37:01,58,42,13,0,26,0,0,0,0,10,1,23
2026-03-10T15:38:01,58,42,13,0,26,0,0,0,0,10,1,23
2026-03-10T15:39:01,58,42,13,0,26,0,0,0,0,10,1,23
2026-03-10T15:40:01,58,42,13,0,26,0,0,0,0,10,1,23
2026-03-10T15:41:01,58,42,13,0,26,0,0,0,0,10,1,23
2026-03-10T15:42:01,58,42,13,0,26,0,0,0,0,10,1,23
2026-03-10T15:43:01,58,42,13,0,26,0,0,0,0,10,1,22
2026-03-10T15:44:01,58,40,13,0,26,0,0,0,0,10,1,22
2026-03-10T15:45:01,58,40,13,0,26,0,0,0,0,10,1,22
2026-03-10T15:46:01,58,40,13,0,26,0,0,0,0,10,1,21
2026-03-10T15:47:01,58,40,13,0,26,0,0,0,0,10,1,20
2026-03-10T15:48:01,58,40,13,0,26,0,0,0,0,9,1,20
2026-03-10T15:49:01,58,40,13,0,26,0,0,0,0,9,1,20
2026-03-10T15:50:01,58,40,13,0,26,0,0,0,0,9,1,20
2026-03-10T15:51:01,58,40,13,0,26,0,0,0,0,9,1,20
2026-03-10T15:52:01,57,40,13,0,26,0,0,0,0,9,1,20
2026-03-10T15:53:01,57,40,13,0,26,0,0,0,0,9,1,20
2026-03-10T15:54:01,57,40,13,0,26,0,0,0,0,9,1,20
2026-03-10T15:55:01,57,40,13,0,26,0,0,0,0,9,1,19
2026-03-10T15:56:01,57,40,13,0,26,0,0,0,0,9,1,19
2026-03-10T15:57:01,56,40,13,0,26,0,0,0,0,9,1,19
2026-03-10T15:58:01,56,40,13,0,25,0,0,0,0,9,1,19
2026-03-10T15:59:01,56,40,13,0,25,0,0,0,0,9,1,19
2026-03-10T16:00:01,56,40,13,0,25,0,0,0,0,9,1,19
2026-03-10T16:01:01,56,40,13,0,25,0,0,0,0,9,1,19
2026-03-10T16:02:01,56,40,13,0,25,0,0,0,0,9,1,19
2026-03-10T16:03:01,56,40,13,0,25,0,0,0,0,9,1,19
2026-03-10T16:04:01,56,40,13,0,25,0,0,0,0,9,1,19
2026-03-10T16:05:01,56,40,13,0,23,0,0,0,0,9,1,19
2026-03-10T16:06:01,56,40,13,0,23,0,0,0,0,9,1,19
2026-03-10T16:07:01,56,40,13,0,23,0,0,0,0,9,1,19
2026-03-10T16:08:01,56,40,13,0,23,0,0,0,0,9,1,19
2026-03-10T16:09:01,56,40,13,0,23,0,0,0,0,9,1,19
2026-03-10T16:10:01,56,40,13,0,23,0,0,0,0,9,1,19
2026-03-10T16:11:01,56,40,13,0,23,0,0,0,0,9,1,19
2026-03-10T16:12:01,56,40,13,0,23,0,0,0,0,9,1,19
2026-03-10T16:13:01,56,40,13,0,23,0,0,0,0,8,1,19
2026-03-10T16:14:01,56,40,13,0,22,0,0,0,0,8,1,19
2026-03-10T16:15:01,56,40,13,0,22,0,0,0,0,8,1,19
2026-03-10T16:16:01,55,40,13,0,22,0,0,0,0,8,1,19
2026-03-10T16:17:01,55,40,13,0,22,0,0,0,0,8,1,19
2026-03-10T16:18:01,55,40,13,0,22,0,0,0,0,8,1,19
2026-03-10T16:19:01,55,39,13,0,22,0,0,0,0,8,1,19
2026-03-10T16:20:01,55,39,13,0,21,0,0,0,0,8,1,19
2026-03-10T16:21:01,55,39,13,0,21,0,0,0,0,8,1,19
2026-03-10T16:22:01,55,39,13,0,21,0,0,0,0,8,1,19
2026-03-10T16:23:01,55,39,13,0,20,0,0,0,0,8,1,19
2026-03-10T16:24:01,55,39,13,0,20,0,0,0,0,8,1,19
2026-03-10T16:25:01,55,39,13,0,20,0,0,0,0,7,1,19
2026-03-10T16:26:01,54,38,13,0,20,0,0,0,0,7,1,19
2026-03-10T16:27:01,54,38,13,0,20,0,0,0,0,7,1,19
2026-03-10T16:28:01,54,38,13,0,20,0,0,0,0,7,1,19
2026-03-10T16:29:01,54,37,13,0,20,0,0,0,0,7,1,19
2026-03-10T16:30:01,54,37,13,0,20,0,0,0,0,6,1,19
2026-03-10T16:31:01,54,37,13,0,20,0,0,0,0,6,1,19
2026-03-10T16:32:01,54,37,13,0,20,0,0,0,0,6,1,19
2026-03-10T16:33:01,54,37,13,0,20,0,0,0,0,6,1,19
2026-03-10T16:34:01,54,37,13,0,20,0,0,0,0,6,1,19
2026-03-10T16:35:01,54,36,13,0,20,0,0,0,0,6,1,19
2026-03-10T16:36:01,54,36,13,0,20,0,0,0,0,6,1,19
2026-03-10T16:37:01,54,36,13,0,20,0,0,0,0,6,1,19
2026-03-10T16:38:01,54,36,13,0,20,0,0,0,0,6,1,19
2026-03-10T16:39:01,54,36,13,0,19,0,0,0,0,6,1,19
2026-03-10T16:40:01,54,35,13,0,19,0,0,0,0,6,1,19
2026-03-10T16:41:01,54,35,13,0,19,0,0,0,0,6,1,19
2026-03-10T16:42:01,54,35,13,0,19,0,0,0,0,6,1,19
2026-03-10T16:43:01,54,35,13,0,19,0,0,0,0,6,1,19
2026-03-10T16:44:01,54,35,12,0,18,0,0,0,0,6,1,19
2026-03-10T16:45:01,54,35,12,0,18,0,0,0,0,6,1,19
2026-03-10T16:46:01,54,35,12,0,18,0,0,0,0,6,1,19
2026-03-10T16:47:01,54,35,12,0,18,0,0,0,0,6,1,19
2026-03-10T16:48:01,54,35,12,0,18,0,0,0,0,6,1,19
2026-03-10T16:49:01,54,35,12,0,18,0,0,0,0,6,1,19
2026-03-10T16:50:01,54,35,12,0,18,0,0,0,0,6,1,19
2026-03-10T16:51:01,54,35,12,0,18,0,0,0,0,6,1,19
2026-03-10T16:52:01,54,35,12,0,18,0,0,0,0,6,1,19
2026-03-10T16:53:01,54,35,12,0,18,0,0,0,0,6,1,19
2026-03-10T16:54:01,54,35,12,0,18,0,0,0,0,6,1,19
2026-03-10T16:55:01,54,35,12,0,18,0,0,0,0,6,1,19
2026-03-10T16:56:01,54,35,12,0,18,0,0,0,0,6,1,19
2026-03-10T16:57:01,54,35,12,0,18,0,0,0,0,6,1,19
2026-03-10T16:58:01,54,35,12,0,18,0,0,0,0,6,1,19
2026-03-10T16:59:01,54,35,12,0,18,0,0,0,0,6,1,19
2026-03-10T17:00:01,54,35,12,0,18,0,0,0,0,6,1,19
2026-03-10T17:01:01,54,35,12,0,18,0,0,0,0,6,1,19
2026-03-10T17:02:01,54,35,12,0,18,0,0,0,0,6,1,19
2026-03-10T17:03:01,54,35,12,0,18,0,0,0,0,6,1,19
2026-03-10T17:04:01,54,35,12,0,18,0,0,0,0,6,1,19
2026-03-10T17:05:01,53,35,12,0,18,0,0,0,0,6,1,19
2026-03-10T17:06:01,53,35,12,0,18,0,0,0,0,6,1,19
2026-03-10T17:07:01,53,35,12,0,18,0,0,0,0,6,1,19
2026-03-10T17:08:01,53,35,12,0,18,0,0,0,0,6,1,19
2026-03-10T17:09:01,53,35,12,0,18,0,0,0,0,6,1,19
2026-03-10T17:10:01,53,35,12,0,18,0,0,0,0,6,1,19
2026-03-10T17:11:01,53,35,12,0,18,0,0,0,0,6,1,19
2026-03-10T17:12:01,53,35,12,0,18,0,0,0,0,6,1,19
2026-03-10T17:13:01,53,35,12,0,18,0,0,0,0,6,1,19
2026-03-10T17:14:01,53,35,12,0,17,0,0,0,0,6,1,19
2026-03-10T17:15:01,53,34,12,0,17,0,0,0,0,6,1,19
2026-03-10T17:16:01,53,34,12,0,17,0,0,0,0,6,1,19
2026-03-10T17:17:01,53,34,12,0,17,0,0,0,0,6,1,19
2026-03-10T17:18:01,53,34,12,0,17,0,0,0,0,6,1,19
2026-03-10T17:19:01,53,34,12,0,17,0,0,0,0,6,0,19
2026-03-10T17:20:01,53,34,12,0,17,0,0,0,0,6,0,19
2026-03-10T17:21:01,53,34,12,0,16,0,0,0,0,6,0,19
2026-03-10T17:22:01,53,34,12,0,16,0,0,0,0,6,0,19
2026-03-10T17:23:01,53,33,12,0,16,0,0,0,0,6,0,19
2026-03-10T17:24:01,53,33,12,0,16,0,0,0,0,6,0,19
2026-03-10T17:25:01,53,33,12,0,16,0,0,0,0,6,0,19
2026-03-10T17:26:01,53,33,12,0,15,0,0,0,0,6,0,19
2026-03-10T17:27:01,53,33,12,0,15,0,0,0,0,6,0,19
2026-03-10T17:28:01,53,33,12,0,15,0,0,0,0,6,0,19
2026-03-10T17:29:01,53,33,12,0,14,0,0,0,0,6,0,19
2026-03-10T17:30:01,53,33,12,0,14,0,0,0,0,6,0,18
2026-03-10T17:31:01,53,33,12,0,14,0,0,0,0,6,0,18
2026-03-10T17:32:01,53,33,12,0,14,0,0,0,0,6,0,18
2026-03-10T17:33:01,53,33,12,0,14,0,0,0,0,6,0,18
2026-03-10T17:34:01,53,33,12,0,14,0,0,0,0,6,0,18
2026-03-10T17:35:01,53,33,12,0,14,0,0,0,0,6,0,18
2026-03-10T17:36:01,53,32,12,0,14,0,0,0,0,6,0,18
2026-03-10T17:37:01,53,32,12,0,14,0,0,0,0,6,0,18
2026-03-10T17:38:01,51,32,12,0,14,0,0,0,0,6,0,18
2026-03-10T17:39:01,51,32,12,0,14,0,0,0,0,6,0,18
2026-03-10T17:40:01,51,32,12,0,14,0,0,0,0,6,0,18
2026-03-10T17:41:01,51,30,12,0,14,0,0,0,0,6,0,18
2026-03-10T17:42:01,51,30,12,0,14,0,0,0,0,6,0,18
2026-03-10T17:43:01,51,30,12,0,14,0,0,0,0,6,0,18
2026-03-10T17:44:01,51,30,12,0,14,0,0,0,0,6,0,17
2026-03-10T17:45:01,51,30,12,0,14,0,0,0,0,6,0,17
2026-03-10T17:46:01,51,30,12,0,14,0,0,0,0,6,0,17
2026-03-10T17:47:01,51,30,11,0,14,0,0,0,0,6,0,17
2026-03-10T17:48:01,51,30,11,0,14,0,0,0,0,6,0,16
2026-03-10T17:49:01,51,30,11,0,14,0,0,0,0,6,0,15
2026-03-10T17:50:01,51,30,11,0,14,0,0,0,0,6,0,15
2026-03-10T17:51:01,51,30,11,0,14,0,0,0,0,6,0,15
2026-03-10T17:52:01,50,30,11,0,14,0,0,0,0,6,0,15
2026-03-10T17:53:01,50,29,11,0,14,0,0,0,0,6,0,15
2026-03-10T17:54:01,50,29,11,0,14,0,0,0,0,6,0,15
2026-03-10T17:55:01,50,29,11,0,14,0,0,0,0,6,0,15
2026-03-10T17:56:01,50,29,11,0,14,0,0,0,0,6,0,15
2026-03-10T17:57:01,50,29,11,0,14,0,0,0,0,6,0,15
2026-03-10T17:58:01,49,29,11,0,14,0,0,0,0,6,0,15
2026-03-10T17:59:01,49,29,11,0,14,0,0,0,0,5,0,15
2026-03-10T18:00:01,49,28,11,0,13,0,0,0,0,5,0,15
2026-03-10T18:01:01,49,28,11,0,13,0,0,0,0,5,0,15
2026-03-10T18:02:01,49,28,11,0,13,0,0,0,0,5,0,15
2026-03-10T18:03:01,49,28,11,0,12,0,0,0,0,5,0,15
2026-03-10T18:04:01,49,28,11,0,12,0,0,0,0,5,0,15
2026-03-10T18:05:01,49,28,11,0,12,0,0,0,0,5,0,15
2026-03-10T18:06:01,49,27,11,0,12,0,0,0,0,5,0,15
2026-03-10T18:07:01,48,27,11,0,12,0,0,0,0,5,0,15
2026-03-10T18:08:01,48,27,11,0,12,0,0,0,0,5,0,15
2026-03-10T18:09:01,48,27,11,0,12,0,0,0,0,5,0,15
2026-03-10T18:10:01,48,27,11,0,12,0,0,0,0,5,0,15
2026-03-10T18:11:01,48,27,11,0,12,0,0,0,0,5,0,15
2026-03-10T18:12:01,48,27,11,0,12,0,0,0,0,5,0,15
2026-03-10T18:13:01,48,27,11,0,12,0,0,0,0,5,0,15
2026-03-10T18:14:01,47,27,11,0,12,0,0,0,0,5,0,15
2026-03-10T18:15:01,47,27,11,0,11,0,0,0,0,5,0,15
2026-03-10T18:16:01,47,27,11,0,11,0,0,0,0,5,0,15
2026-03-10T18:17:01,47,27,11,0,11,0,0,0,0,5,0,15
2026-03-10T18:18:01,47,27,11,0,11,0,0,0,0,5,0,15
2026-03-10T18:19:01,46,27,11,0,11,0,0,0,0,5,0,15
2026-03-10T18:20:01,45,27,11,0,11,0,0,0,0,5,0,15
2026-03-10T18:21:01,45,27,11,0,11,0,0,0,0,5,0,15
2026-03-10T18:22:01,45,27,11,0,11,0,0,0,0,5,0,14
2026-03-10T18:23:01,45,27,11,0,11,0,0,0,0,5,0,14
2026-03-10T18:24:01,44,27,11,0,11,0,0,0,0,5,0,14
2026-03-10T18:25:01,44,27,11,0,10,0,0,0,0,5,0,14
2026-03-10T18:26:01,44,27,11,0,10,0,0,0,0,5,0,14
2026-03-10T18:27:01,43,27,11,0,10,0,0,0,0,5,0,14
2026-03-10T18:28:01,43,27,11,0,10,0,0,0,0,5,0,14
2026-03-10T18:29:01,43,27,11,0,10,0,0,0,0,5,0,14
2026-03-10T18:30:01,43,27,11,0,10,0,0,0,0,5,0,14
2026-03-10T18:31:01,43,27,11,0,10,0,0,0,0,5,0,14
2026-03-10T18:32:01,43,27,11,0,10,0,0,0,0,5,0,14
2026-03-10T18:33:01,43,27,11,0,9,0,0,0,0,5,0,14
2026-03-10T18:34:01,43,27,11,0,9,0,0,0,0,5,0,14
2026-03-10T18:35:01,42,27,11,0,9,0,0,0,0,5,0,14
2026-03-10T18:36:01,42,27,11,0,9,0,0,0,0,5,0,14
2026-03-10T18:37:01,42,27,11,0,9,0,0,0,0,5,0,14
2026-03-10T18:38:01,42,27,11,0,9,0,0,0,0,5,0,14
2026-03-10T18:39:01,42,27,11,0,9,0,0,0,0,4,0,14
2026-03-10T18:40:01,41,27,11,0,9,0,0,0,0,4,0,14
2026-03-10T18:41:01,40,27,10,0,9,0,0,0,0,4,0,14
2026-03-10T18:42:01,40,27,10,0,9,0,0,0,0,4,0,14
2026-03-10T18:43:01,40,27,10,0,9,0,0,0,0,4,0,14
2026-03-10T18:44:01,40,27,10,0,9,0,0,0,0,4,0,14
2026-03-10T18:45:01,40,27,10,0,8,0,0,0,0,4,0,14
2026-03-10T18:46:01,40,27,10,0,8,0,0,0,0,4,0,14
2026-03-10T18:47:01,40,27,10,0,8,0,0,0,0,4,0,14
2026-03-10T18:48:01,40,27,10,0,8,0,0,0,0,4,0,14
2026-03-10T18:49:01,40,27,10,0,8,0,0,0,0,4,0,14
2026-03-10T18:50:01,40,27,10,0,8,0,0,0,0,4,0,14
2026-03-10T18:51:01,40,26,10,0,8,0,0,0,0,4,0,14
2026-03-10T18:52:01,40,26,10,0,8,0,0,0,0,4,0,14
2026-03-10T18:53:01,40,26,9,0,8,0,0,0,0,4,0,14
2026-03-10T18:54:01,40,26,9,0,8,0,0,0,0,4,0,14
2026-03-10T18:55:01,39,26,9,0,8,0,0,0,0,4,0,14
2026-03-10T18:56:01,39,26,9,0,8,0,0,0,0,4,0,14
2026-03-10T18:57:01,39,25,9,0,8,0,0,0,0,4,0,14
2026-03-10T18:58:01,39,25,9,0,8,0,0,0,0,4,0,14
2026-03-10T18:59:01,39,25,9,0,8,0,0,0,0,4,0,14
2026-03-10T19:00:01,39,25,9,0,8,0,0,0,0,4,0,14
2026-03-10T19:01:01,39,25,9,0,8,0,0,0,0,4,0,14
2026-03-10T19:02:01,39,25,9,0,8,0,0,0,0,4,0,14
2026-03-10T19:03:01,39,25,9,0,8,0,0,0,0,4,0,14
2026-03-10T19:04:01,39,25,9,0,8,0,0,0,0,4,0,14
2026-03-10T19:05:01,39,24,9,0,8,0,0,0,0,4,0,14
2026-03-10T19:06:01,39,24,9,0,8,0,0,0,0,4,0,14
2026-03-10T19:07:01,39,24,9,0,8,0,0,0,0,4,0,14
2026-03-10T19:08:01,39,23,9,0,8,0,0,0,0,4,0,14
2026-03-10T19:09:01,39,22,9,0,8,0,0,0,0,4,0,14
2026-03-10T19:10:01,39,22,9,0,8,0,0,0,0,4,0,14
2026-03-10T19:11:01,39,22,9,0,8,0,0,0,0,4,0,14
2026-03-10T19:12:01,39,22,9,0,8,0,0,0,0,4,0,14
2026-03-10T19:13:01,39,22,9,0,8,0,0,0,0,4,0,14
2026-03-10T19:14:01,39,22,9,0,8,0,0,0,0,4,0,14
2026-03-10T19:15:01,38,22,9,0,8,0,0,0,0,4,0,14
2026-03-10T19:16:01,38,22,9,0,8,0,0,0,0,4,0,14
2026-03-10T19:17:01,38,22,9,0,8,0,0,0,0,4,0,14
2026-03-10T19:18:01,38,22,9,0,8,0,0,0,0,4,0,14
2026-03-10T19:19:01,38,22,9,0,8,0,0,0,0,4,0,14
2026-03-10T19:20:01,38,22,9,0,8,0,0,0,0,4,0,14
2026-03-10T19:21:01,38,22,9,0,8,0,0,0,0,4,0,14
2026-03-10T19:22:01,38,22,9,0,8,0,0,0,0,4,0,13
2026-03-10T19:23:01,38,21,9,0,8,0,0,0,0,4,0,13
2026-03-10T19:24:01,38,21,8,0,8,0,0,0,0,4,0,13
2026-03-10T19:25:01,38,21,8,0,8,0,0,0,0,4,0,13
2026-03-10T19:26:01,38,21,8,0,8,0,0,0,0,4,0,13
2026-03-10T19:27:01,38,21,8,0,8,0,0,0,0,4,0,13
2026-03-10T19:28:01,38,21,8,0,8,0,0,0,0,4,0,13
2026-03-10T19:29:01,38,21,8,0,8,0,0,0,0,4,0,13
2026-03-10T19:30:01,38,21,8,0,8,0,0,0,0,4,0,13
2026-03-10T19:31:01,36,21,8,0,8,0,0,0,0,4,0,13
2026-03-10T19:32:01,36,21,8,0,8,0,0,0,0,4,0,13
2026-03-10T19:33:01,36,21,8,0,8,0,0,0,0,4,0,13
2026-03-10T19:34:01,36,20,8,0,8,0,0,0,0,4,0,13
2026-03-10T19:35:01,36,20,8,0,8,0,0,0,0,4,0,13
2026-03-10T19:36:01,36,20,8,0,8,0,0,0,0,4,0,12
2026-03-10T19:37:01,35,20,8,0,8,0,0,0,0,4,0,11
2026-03-10T19:38:01,35,20,8,0,8,0,0,0,0,4,0,11
2026-03-10T19:39:01,35,20,8,0,8,0,0,0,0,4,0,11
2026-03-10T19:40:01,35,20,8,0,8,0,0,0,0,4,0,11
2026-03-10T19:41:01,35,20,8,0,8,0,0,0,0,4,0,11
2026-03-10T19:42:01,34,20,8,0,8,0,0,0,0,4,0,11
2026-03-10T19:43:01,34,20,8,0,8,0,0,0,0,4,0,11
2026-03-10T19:44:01,34,20,8,0,8,0,0,0,0,4,0,11
2026-03-10T19:45:01,34,20,8,0,8,0,0,0,0,4,0,11
2026-03-10T19:46:01,34,20,8,0,8,0,0,0,0,4,0,11
2026-03-10T19:47:01,34,20,8,0,8,0,0,0,0,4,0,11
2026-03-10T19:48:01,34,20,8,0,8,0,0,0,0,4,0,11
2026-03-10T19:49:01,34,20,8,0,8,0,0,0,0,4,0,11
2026-03-10T19:50:01,34,20,8,0,8,0,0,0,0,4,0,11
2026-03-10T19:51:01,33,19,8,0,8,0,0,0,0,4,0,11
2026-03-10T19:52:01,33,19,8,0,8,0,0,0,0,4,0,11
2026-03-10T19:53:01,33,18,8,0,8,0,0,0,0,4,0,11
2026-03-10T19:54:01,33,18,8,0,8,0,0,0,0,4,0,11
2026-03-10T19:55:01,33,18,8,0,8,0,0,0,0,4,0,11
2026-03-10T19:56:01,33,18,8,0,8,0,0,0,0,4,0,11
2026-03-10T19:57:01,33,18,8,0,8,0,0,0,0,4,0,11
2026-03-10T19:58:01,32,18,8,0,7,0,0,0,0,4,0,11
2026-03-10T19:59:01,32,17,8,0,7,0,0,0,0,4,0,11
2026-03-10T20:00:01,32,17,8,0,7,0,0,0,0,4,0,11
2026-03-10T20:01:01,32,17,8,0,7,0,0,0,0,4,0,11
2026-03-10T20:02:01,31,17,8,0,7,0,0,0,0,4,0,11
2026-03-10T20:03:01,31,17,8,0,7,0,0,0,0,4,0,11
2026-03-10T20:04:01,31,17,8,0,7,0,0,0,0,4,0,11
2026-03-10T20:05:01,31,17,8,0,7,0,0,0,0,4,0,11
2026-03-10T20:06:01,31,17,8,0,7,0,0,0,0,4,0,11
2026-03-10T20:07:01,31,17,8,0,6,0,0,0,0,4,0,11
2026-03-10T20:08:01,31,17,8,0,6,0,0,0,0,4,0,11
2026-03-10T20:09:01,31,17,8,0,6,0,0,0,0,4,0,11
2026-03-10T20:10:01,31,17,8,0,6,0,0,0,0,4,0,11
2026-03-10T20:11:01,31,16,7,0,6,0,0,0,0,4,0,11
2026-03-10T20:12:01,31,16,7,0,6,0,0,0,0,4,0,11
2026-03-10T20:13:01,31,16,7,0,6,0,0,0,0,4,0,11
2026-03-10T20:14:01,31,16,7,0,6,0,0,0,0,4,0,11
2026-03-10T20:15:01,30,16,7,0,6,0,0,0,0,4,0,11
2026-03-10T20:16:01,30,16,7,0,6,0,0,0,0,4,0,11
2026-03-10T20:17:01,30,16,7,0,6,0,0,0,0,4,0,11
2026-03-10T20:18:01,30,16,7,0,6,0,0,0,0,4,0,11
2026-03-10T20:19:01,28,16,7,0,6,0,0,0,0,4,0,11
2026-03-10T20:20:01,28,16,7,0,6,0,0,0,0,4,0,11
2026-03-10T20:21:01,28,16,7,0,6,0,0,0,0,4,0,11
2026-03-10T20:22:01,28,16,7,0,6,0,0,0,0,4,0,11
2026-03-10T20:23:01,28,16,7,0,6,0,0,0,0,4,0,11
2026-03-10T20:24:01,28,16,7,0,6,0,0,0,0,4,0,11
2026-03-10T20:25:01,28,16,7,0,6,0,0,0,0,4,0,11
2026-03-10T20:26:01,28,16,7,0,6,0,0,0,0,4,0,11
2026-03-10T20:27:01,28,16,7,0,6,0,0,0,0,4,0,11
2026-03-10T20:28:01,28,16,7,0,6,0,0,0,0,4,0,11
2026-03-10T20:29:01,28,16,7,0,6,0,0,0,0,4,0,11
2026-03-10T20:30:01,28,16,7,0,6,0,0,0,0,4,0,11
2026-03-10T20:31:01,28,16,7,0,6,0,0,0,0,4,0,11
2026-03-10T20:32:01,28,16,7,0,6,0,0,0,0,4,0,11
2026-03-10T20:33:01,28,16,7,0,6,0,0,0,0,4,0,11
2026-03-10T20:34:01,28,16,7,0,6,0,0,0,0,4,0,11
2026-03-10T20:35:01,28,16,7,0,6,0,0,0,0,4,0,11
2026-03-10T20:36:01,28,16,7,0,6,0,0,0,0,4,0,11
2026-03-10T20:37:01,28,16,7,0,6,0,0,0,0,4,0,11
2026-03-10T20:38:01,28,16,7,0,6,0,0,0,0,4,0,11
2026-03-10T20:39:01,28,16,7,0,6,0,0,0,0,4,0,11
2026-03-10T20:40:01,28,16,7,0,6,0,0,0,0,4,0,10
2026-03-10T20:41:01,27,16,7,0,6,0,0,0,0,4,0,10
2026-03-10T20:42:01,27,16,7,0,6,0,0,0,0,4,0,10
2026-03-10T20:43:01,27,15,7,0,6,0,0,0,0,4,0,10
2026-03-10T20:44:01,27,15,7,0,6,0,0,0,0,4,0,10
2026-03-10T20:45:01,27,15,7,0,6,0,0,0,0,4,0,10
2026-03-10T20:46:01,27,15,7,0,5,0,0,0,0,4,0,10
2026-03-10T20:47:01,26,15,7,0,5,0,0,0,0,4,0,10
2026-03-10T20:48:01,26,15,7,0,5,0,0,0,0,4,0,10
2026-03-10T20:49:01,26,15,7,0,5,0,0,0,0,4,0,10
2026-03-10T20:50:01,26,15,7,0,5,0,0,0,0,4,0,10
2026-03-10T20:51:01,25,15,7,0,5,0,0,0,0,4,0,10
2026-03-10T20:52:01,25,15,7,0,5,0,0,0,0,4,0,10
2026-03-10T20:53:01,25,15,7,0,5,0,0,0,0,4,0,10
2026-03-10T20:54:01,25,15,7,0,5,0,0,0,0,4,0,10
2026-03-10T20:55:01,25,15,7,0,5,0,0,0,0,4,0,10
2026-03-10T20:56:01,25,15,7,0,5,0,0,0,0,4,0,10
2026-03-10T20:57:01,25,15,7,0,4,0,0,0,0,4,0,10
2026-03-10T20:58:01,25,15,7,0,3,0,0,0,0,4,0,10
2026-03-10T20:59:01,25,15,7,0,3,0,0,0,0,4,0,10
2026-03-10T21:00:01,25,15,7,0,3,0,0,0,0,4,0,10
2026-03-10T21:01:01,25,15,7,0,3,0,0,0,0,4,0,10
2026-03-10T21:02:01,24,15,7,0,3,0,0,0,0,4,0,10
2026-03-10T21:03:01,24,14,7,0,3,0,0,0,0,4,0,10
2026-03-10T21:04:01,24,14,7,0,3,0,0,0,0,4,0,10
2026-03-10T21:05:01,24,14,7,0,3,0,0,0,0,4,0,10
2026-03-10T21:06:01,24,14,7,0,3,0,0,0,0,4,0,10
2026-03-10T21:07:01,24,14,7,0,3,0,0,0,0,4,0,10
2026-03-10T21:08:01,23,14,7,0,3,0,0,0,0,4,0,10
2026-03-10T21:09:01,23,14,7,0,3,0,0,0,0,4,0,10
2026-03-10T21:10:01,23,14,7,0,3,0,0,0,0,4,0,10
2026-03-10T21:11:01,23,14,7,0,3,0,0,0,0,4,0,9
2026-03-10T21:12:01,23,14,7,0,3,0,0,0,0,4,0,9
2026-03-10T21:13:01,23,14,7,0,3,0,0,0,0,4,0,9
2026-03-10T21:14:01,23,14,7,0,3,0,0,0,0,4,0,9
2026-03-10T21:15:01,23,14,7,0,3,0,0,0,0,3,0,8
2026-03-10T21:16:01,23,14,7,0,3,0,0,0,0,3,0,8
2026-03-10T21:17:01,23,14,7,0,3,0,0,0,0,3,0,8
2026-03-10T21:18:01,23,14,7,0,3,0,0,0,0,3,0,8
2026-03-10T21:19:01,23,14,7,0,3,0,0,0,0,3,0,8
2026-03-10T21:20:01,23,14,7,0,3,0,0,0,0,3,0,7
2026-03-10T21:21:01,23,14,6,0,3,0,0,0,0,3,0,7
2026-03-10T21:22:01,23,14,6,0,3,0,0,0,0,3,0,7
2026-03-10T21:23:01,22,14,6,0,3,0,0,0,0,3,0,7
2026-03-10T21:24:01,21,14,6,0,3,0,0,0,0,3,0,7
2026-03-10T21:25:01,21,14,6,0,3,0,0,0,0,3,0,7
2026-03-10T21:26:01,21,14,6,0,3,0,0,0,0,3,0,7
2026-03-10T21:27:01,21,14,6,0,3,0,0,0,0,3,0,7
2026-03-10T21:28:01,21,14,6,0,3,0,0,0,0,3,0,7
2026-03-10T21:29:01,20,14,6,0,3,0,0,0,0,3,0,7
2026-03-10T21:30:01,20,14,6,0,3,0,0,0,0,3,0,7
2026-03-10T21:31:01,20,14,6,0,3,0,0,0,0,3,0,7
2026-03-10T21:32:01,19,14,6,0,3,0,0,0,0,3,0,7
2026-03-10T21:33:01,19,14,6,0,3,0,0,0,0,3,0,7
2026-03-10T21:34:01,18,14,6,0,3,0,0,0,0,3,0,7
2026-03-10T21:35:01,18,14,6,0,3,0,0,0,0,3,0,7
2026-03-10T21:36:01,18,14,6,0,3,0,0,0,0,3,0,7
2026-03-10T21:37:01,18,14,6,0,3,0,0,0,0,3,0,7
2026-03-10T21:38:01,18,13,6,0,3,0,0,0,0,3,0,7
2026-03-10T21:39:01,18,13,6,0,2,0,0,0,0,3,0,7
2026-03-10T21:40:01,18,13,6,0,2,0,0,0,0,3,0,6
2026-03-10T21:41:01,18,13,6,0,2,0,0,0,0,3,0,6
2026-03-10T21:42:01,18,13,6,0,2,0,0,0,0,3,0,6
2026-03-10T21:43:01,18,13,6,0,2,0,0,0,0,3,0,6
2026-03-10T21:44:01,18,13,6,0,2,0,0,0,0,3,0,6
2026-03-10T21:45:01,18,13,6,0,2,0,0,0,0,3,0,6
2026-03-10T21:46:01,18,12,6,0,2,0,0,0,0,3,0,6
2026-03-10T21:47:01,18,12,6,0,2,0,0,0,0,2,0,6
2026-03-10T21:48:01,18,12,6,0,2,0,0,0,0,2,0,6
2026-03-10T21:49:01,18,12,6,0,2,0,0,0,0,2,0,6
2026-03-10T21:50:01,18,11,6,0,2,0,0,0,0,2,0,6
2026-03-10T21:51:01,18,11,6,0,2,0,0,0,0,1,0,6
2026-03-10T21:52:01,18,11,6,0,2,0,0,0,0,1,0,6
2026-03-10T21:53:01,18,11,6,0,2,0,0,0,0,1,0,6
2026-03-10T21:54:01,18,11,6,0,2,0,0,0,0,1,0,6
2026-03-10T21:55:01,18,11,6,0,2,0,0,0,0,1,0,6
2026-03-10T21:56:01,18,11,6,0,2,0,0,0,0,1,0,5
2026-03-10T21:57:01,18,11,6,0,2,0,0,0,0,1,0,5
2026-03-10T21:58:01,18,11,6,0,2,0,0,0,0,1,0,5
2026-03-10T21:59:01,18,11,5,0,2,0,0,0,0,1,0,5
2026-03-10T22:00:01,18,11,5,0,2,0,0,0,0,1,0,5
2026-03-10T22:01:01,18,11,5,0,2,0,0,0,0,1,0,4
2026-03-10T22:02:01,18,11,5,0,2,0,0,0,0,1,0,4
2026-03-10T22:03:01,18,11,5,0,2,0,0,0,0,1,0,4
2026-03-10T22:04:01,18,11,5,0,2,0,0,0,0,1,0,4
2026-03-10T22:05:01,17,11,5,0,2,0,0,0,0,1,0,4
2026-03-10T22:06:01,17,11,5,0,2,0,0,0,0,1,0,4
2026-03-10T22:07:01,17,11,5,0,2,0,0,0,0,1,0,4
2026-03-10T22:08:01,17,11,5,0,2,0,0,0,0,1,0,4
2026-03-10T22:09:01,17,11,5,0,2,0,0,0,0,1,0,4
2026-03-10T22:10:01,17,11,5,0,2,0,0,0,0,1,0,4
2026-03-10T22:11:01,17,11,5,0,2,0,0,0,0,1,0,4
2026-03-10T22:12:01,17,11,5,0,2,0,0,0,0,1,0,4
2026-03-10T22:13:01,17,10,5,0,2,0,0,0,0,1,0,4
2026-03-10T22:14:01,16,10,5,0,2,0,0,0,0,1,0,4
2026-03-10T22:15:01,16,10,5,0,2,0,0,0,0,1,0,4
2026-03-10T22:16:01,16,10,5,0,2,0,0,0,0,1,0,4
2026-03-10T22:17:01,16,10,5,0,2,0,0,0,0,1,0,4
2026-03-10T22:18:01,16,10,5,0,2,0,0,0,0,1,0,4
2026-03-10T22:19:01,16,10,5,0,2,0,0,0,0,1,0,4
2026-03-10T22:20:01,16,10,5,0,2,0,0,0,0,1,0,4
2026-03-10T22:21:01,16,10,5,0,2,0,0,0,0,1,0,4
2026-03-10T22:22:01,16,10,5,0,2,0,0,0,0,1,0,4
2026-03-10T22:23:01,16,10,5,0,2,0,0,0,0,1,0,4
2026-03-10T22:24:01,16,10,5,0,2,0,0,0,0,1,0,4
2026-03-10T22:25:01,16,10,5,0,2,0,0,0,0,1,0,4
2026-03-10T22:26:01,16,10,5,0,2,0,0,0,0,1,0,4
2026-03-10T22:27:01,16,10,5,0,2,0,0,0,0,1,0,4
2026-03-10T22:28:01,16,9,5,0,2,0,0,0,0,1,0,4
2026-03-10T22:29:01,16,9,5,0,2,0,0,0,0,1,0,4
2026-03-10T22:30:01,16,9,4,0,2,0,0,0,0,1,0,4
2026-03-10T22:31:01,16,9,4,0,2,0,0,0,0,1,0,4
2026-03-10T22:32:01,16,9,4,0,2,0,0,0,0,1,0,4
2026-03-10T22:33:01,16,9,4,0,2,0,0,0,0,1,0,4
2026-03-10T22:34:01,16,9,4,0,2,0,0,0,0,1,0,4
2026-03-10T22:35:01,16,9,4,0,2,0,0,0,0,1,0,4
2026-03-10T22:36:01,16,9,4,0,2,0,0,0,0,1,0,4
2026-03-10T22:37:01,16,9,4,0,2,0,0,0,0,1,0,4
2026-03-10T22:38:01,16,9,4,0,2,0,0,0,0,1,0,4
2026-03-10T22:39:01,16,9,4,0,2,0,0,0,0,1,0,4
2026-03-10T22:40:01,16,9,4,0,2,0,0,0,0,1,0,4
2026-03-10T22:41:01,16,9,4,0,2,0,0,0,0,1,0,4
2026-03-10T22:42:01,16,9,4,0,2,0,0,0,0,1,0,4
2026-03-10T22:43:01,16,9,4,0,2,0,0,0,0,1,0,3
2026-03-10T22:44:01,16,9,4,0,2,0,0,0,0,1,0,3
2026-03-10T22:45:01,16,9,4,0,2,0,0,0,0,1,0,3
2026-03-10T22:46:01,16,9,4,0,1,0,0,0,0,1,0,3
2026-03-10T22:47:01,16,9,4,0,1,0,0,0,0,1,0,3
2026-03-10T22:48:01,16,9,4,0,1,0,0,0,0,1,0,3
2026-03-10T22:49:01,16,9,4,0,1,0,0,0,0,1,0,3
2026-03-10T22:50:01,16,9,4,0,1,0,0,0,0,1,0,3
2026-03-10T22:51:01,16,9,4,0,1,0,0,0,0,1,0,3
2026-03-10T22:52:01,16,9,4,0,1,0,0,0,0,1,0,3
2026-03-10T22:53:01,16,9,4,0,1,0,0,0,0,1,0,3
2026-03-10T22:54:01,16,9,4,0,1,0,0,0,0,1,0,3
2026-03-10T22:55:01,16,9,4,0,1,0,0,0,0,1,0,3
2026-03-10T22:56:01,16,9,4,0,1,0,0,0,0,1,0,3
2026-03-10T22:57:01,16,9,4,0,1,0,0,0,0,1,0,3
2026-03-10T22:58:01,16,9,4,0,1,0,0,0,0,1,0,3
2026-03-10T22:59:01,16,9,4,0,1,0,0,0,0,1,0,3
2026-03-10T23:00:01,16,9,4,0,1,0,0,0,0,1,0,3
2026-03-10T23:01:01,16,9,4,0,1,0,0,0,0,1,0,3
2026-03-10T23:02:01,16,9,4,0,1,0,0,0,0,1,0,3
2026-03-10T23:03:01,16,9,4,0,1,0,0,0,0,1,0,3
2026-03-10T23:04:01,16,9,4,0,1,0,0,0,0,1,0,3
2026-03-10T23:05:01,16,9,4,0,1,0,0,0,0,1,0,3
2026-03-10T23:06:01,16,9,4,0,1,0,0,0,0,1,0,3
2026-03-10T23:07:01,16,9,4,0,1,0,0,0,0,1,0,3
2026-03-10T23:08:01,16,9,4,0,1,0,0,0,0,1,0,3
2026-03-10T23:09:01,16,9,4,0,1,0,0,0,0,1,0,3
2026-03-10T23:10:01,16,9,4,0,1,0,0,0,0,1,0,3
2026-03-10T23:11:01,16,9,4,0,1,0,0,0,0,1,0,3
2026-03-10T23:12:01,15,9,4,0,1,0,0,0,0,1,0,3
2026-03-10T23:13:01,15,9,4,0,1,0,0,0,0,1,0,3
2026-03-10T23:14:01,15,9,4,0,1,0,0,0,0,1,0,3
2026-03-10T23:15:01,15,9,4,0,1,0,0,0,0,1,0,3
2026-03-10T23:16:01,15,9,4,0,1,0,0,0,0,1,0,3
2026-03-10T23:17:01,15,9,4,0,1,0,0,0,0,1,0,3
2026-03-10T23:18:01,15,9,4,0,1,0,0,0,0,1,0,3
2026-03-10T23:19:01,15,9,4,0,1,0,0,0,0,1,0,3
2026-03-10T23:20:01,15,9,4,0,1,0,0,0,0,1,0,3
2026-03-10T23:21:01,15,9,4,0,1,0,0,0,0,1,0,2
2026-03-10T23:22:01,15,9,4,0,1,0,0,0,0,1,0,2
2026-03-10T23:23:01,15,9,4,0,1,0,0,0,0,1,0,2
2026-03-10T23:24:01,15,9,3,0,1,0,0,0,0,1,0,2
2026-03-10T23:25:01,15,9,3,0,1,0,0,0,0,1,0,2
2026-03-10T23:26:01,15,9,3,0,1,0,0,0,0,1,0,2
2026-03-10T23:27:01,15,9,3,0,1,0,0,0,0,1,0,2
2026-03-10T23:28:01,15,9,3,0,1,0,0,0,0,1,0,2
2026-03-10T23:29:01,15,9,3,0,1,0,0,0,0,1,0,2
2026-03-10T23:30:01,15,9,2,0,1,0,0,0,0,1,0,2
2026-03-10T23:31:01,15,9,2,0,1,0,0,0,0,1,0,2
2026-03-10T23:32:01,15,9,2,0,1,0,0,0,0,1,0,2
2026-03-10T23:33:01,14,9,2,0,1,0,0,0,0,1,0,2
2026-03-10T23:34:01,14,9,2,0,1,0,0,0,0,1,0,2
2026-03-10T23:35:01,14,9,2,0,1,0,0,0,0,1,0,2
2026-03-10T23:36:01,14,9,2,0,1,0,0,0,0,1,0,2
2026-03-10T23:37:01,14,9,2,0,1,0,0,0,0,1,0,2
2026-03-10T23:38:01,14,9,2,0,1,0,0,0,0,1,0,2
2026-03-10T23:39:01,14,9,2,0,1,0,0,0,0,1,0,2
2026-03-10T23:40:01,14,9,2,0,1,0,0,0,0,1,0,2
2026-03-10T23:41:01,14,9,2,0,1,0,0,0,0,1,0,2
2026-03-10T23:42:01,14,9,2,0,1,0,0,0,0,1,0,2
2026-03-10T23:43:01,14,9,2,0,1,0,0,0,0,1,0,2
2026-03-10T23:44:01,13,9,2,0,1,0,0,0,0,1,0,2
2026-03-10T23:45:01,13,9,2,0,1,0,0,0,0,1,0,2
2026-03-10T23:46:01,13,9,2,0,1,0,0,0,0,1,0,2
2026-03-10T23:47:01,13,9,2,0,1,0,0,0,0,1,0,2
2026-03-10T23:48:01,13,9,2,0,1,0,0,0,0,1,0,2
2026-03-10T23:49:01,13,8,2,0,1,0,0,0,0,1,0,2
2026-03-10T23:50:01,13,8,1,0,1,0,0,0,0,1,0,2
2026-03-10T23:51:01,13,8,0,0,1,0,0,0,0,1,0,2
2026-03-10T23:52:01,13,8,0,0,1,0,0,0,0,1,0,2
2026-03-10T23:53:01,13,8,0,0,1,0,0,0,0,1,0,2
2026-03-10T23:54:01,13,8,0,0,1,0,0,0,0,1,0,2
2026-03-10T23:55:01,13,8,0,0,1,0,0,0,0,1,0,2
2026-03-10T23:56:01,13,8,0,0,1,0,0,0,0,1,0,2
2026-03-10T23:57:01,13,8,0,0,1,0,0,0,0,1,0,2
2026-03-10T23:58:01,13,8,0,0,1,0,0,0,0,1,0,2
2026-03-10T23:59:01,13,8,0,0,1,0,0,0,0,1,0,2
2026-03-11T00:00:01,13,8,0,0,1,0,0,0,0,1,0,2
2026-03-11T00:01:01,13,8,0,0,1,0,0,0,0,1,0,2
2026-03-11T00:02:01,13,8,0,0,1,0,0,0,0,1,0,2
2026-03-11T00:03:01,13,8,0,0,1,0,0,0,0,1,0,2
2026-03-11T00:04:01,13,8,0,0,1,0,0,0,0,1,0,2
2026-03-11T00:05:01,13,8,0,0,1,0,0,0,0,1,0,2
2026-03-11T00:06:01,13,8,0,0,1,0,0,0,0,1,0,2
2026-03-11T00:07:01,13,8,0,0,1,0,0,0,0,1,0,2
2026-03-11T00:08:01,13,8,0,0,1,0,0,0,0,1,0,2
2026-03-11T00:09:01,12,8,0,0,1,0,0,0,0,1,0,2
2026-03-11T00:10:01,11,8,0,0,1,0,0,0,0,1,0,2
2026-03-11T00:11:01,11,8,0,0,1,0,0,0,0,1,0,2
2026-03-11T00:12:01,11,8,0,0,1,0,0,0,0,1,0,2
2026-03-11T00:13:01,11,8,0,0,1,0,0,0,0,1,0,2
2026-03-11T00:14:01,11,8,0,0,1,0,0,0,0,1,0,2
2026-03-11T00:15:01,11,8,0,0,1,0,0,0,0,1,0,2
2026-03-11T00:16:01,11,8,0,0,1,0,0,0,0,1,0,2
2026-03-11T00:17:01,11,8,0,0,1,0,0,0,0,1,0,2
2026-03-11T00:18:01,11,8,0,0,1,0,0,0,0,1,0,2
2026-03-11T00:19:01,11,8,0,0,1,0,0,0,0,1,0,2
2026-03-11T00:20:01,11,8,0,0,1,0,0,0,0,1,0,2
2026-03-11T00:21:01,11,8,0,0,1,0,0,0,0,1,0,2
2026-03-11T00:22:01,11,8,0,0,1,0,0,0,0,1,0,2
2026-03-11T00:23:01,11,8,0,0,1,0,0,0,0,1,0,2
2026-03-11T00:24:01,11,8,0,0,1,0,0,0,0,1,0,2
2026-03-11T00:25:01,11,8,0,0,1,0,0,0,0,1,0,2
2026-03-11T00:26:01,11,8,0,0,1,0,0,0,0,1,0,2
2026-03-11T00:27:01,11,8,0,0,1,0,0,0,0,1,0,2
2026-03-11T00:28:01,11,8,0,0,1,0,0,0,0,1,0,2
2026-03-11T00:29:01,11,8,0,0,1,0,0,0,0,1,0,2
2026-03-11T00:30:01,11,8,0,0,1,0,0,0,0,1,0,2
2026-03-11T00:31:01,11,8,0,0,1,0,0,0,0,1,0,2
2026-03-11T00:32:01,11,8,0,0,1,0,0,0,0,1,0,2
2026-03-11T00:33:01,11,8,0,0,1,0,0,0,0,1,0,2
2026-03-11T00:34:01,11,8,0,0,1,0,0,0,0,1,0,2
2026-03-11T00:35:01,11,8,0,0,1,0,0,0,0,1,0,2
2026-03-11T00:36:01,11,8,0,0,1,0,0,0,0,1,0,2
2026-03-11T00:37:01,11,8,0,0,1,0,0,0,0,1,0,2
2026-03-11T00:38:01,11,8,0,0,1,0,0,0,0,1,0,2
2026-03-11T00:39:01,11,8,0,0,1,0,0,0,0,1,0,2
2026-03-11T00:40:01,11,8,0,0,1,0,0,0,0,1,0,2
2026-03-11T00:41:01,11,8,0,0,1,0,0,0,0,1,0,2
2026-03-11T00:42:01,11,8,0,0,1,0,0,0,0,1,0,2
2026-03-11T00:43:01,11,8,0,0,1,0,0,0,0,1,0,2
2026-03-11T00:44:01,11,8,0,0,1,0,0,0,0,1,0,2
2026-03-11T00:45:01,11,8,0,0,1,0,0,0,0,1,0,2
2026-03-11T00:46:01,11,7,0,0,1,0,0,0,0,1,0,2
2026-03-11T00:47:01,11,7,0,0,1,0,0,0,0,1,0,2
2026-03-11T00:48:01,11,7,0,0,1,0,0,0,0,1,0,2
2026-03-11T00:49:01,10,7,0,0,1,0,0,0,0,1,0,2
2026-03-11T00:50:01,10,7,0,0,1,0,0,0,0,1,0,2
2026-03-11T00:51:01,10,7,0,0,1,0,0,0,0,1,0,2
2026-03-11T00:52:01,10,7,0,0,1,0,0,0,0,1,0,2
2026-03-11T00:53:01,10,7,0,0,1,0,0,0,0,1,0,2
2026-03-11T00:54:01,10,7,0,0,1,0,0,0,0,1,0,2
2026-03-11T00:55:01,10,7,0,0,1,0,0,0,0,1,0,2
2026-03-11T00:56:01,10,7,0,0,1,0,0,0,0,1,0,2
2026-03-11T00:57:01,10,7,0,0,1,0,0,0,0,1,0,2
2026-03-11T00:58:01,10,7,0,0,1,0,0,0,0,1,0,2
2026-03-11T00:59:01,10,7,0,0,1,0,0,0,0,1,0,2
2026-03-11T01:00:01,10,7,0,0,1,0,0,0,0,1,0,2
2026-03-11T01:01:01,10,7,0,0,1,0,0,0,0,1,0,2
2026-03-11T01:02:01,10,7,0,0,1,0,0,0,0,1,0,2
2026-03-11T01:03:01,9,7,0,0,1,0,0,0,0,1,0,2
2026-03-11T01:04:01,9,7,0,0,1,0,0,0,0,0,0,2
2026-03-11T01:05:01,9,7,0,0,1,0,0,0,0,0,0,2
2026-03-11T01:06:01,9,7,0,0,1,0,0,0,0,0,0,2
2026-03-11T01:07:01,9,7,0,0,1,0,0,0,0,0,0,2
2026-03-11T01:08:01,9,7,0,0,1,0,0,0,0,0,0,2
2026-03-11T01:09:01,9,7,0,0,1,0,0,0,0,0,0,2
2026-03-11T01:10:01,9,7,0,0,1,0,0,0,0,0,0,2
2026-03-11T01:11:01,9,7,0,0,1,0,0,0,0,0,0,1
2026-03-11T01:12:01,9,7,0,0,1,0,0,0,0,0,0,1
2026-03-11T01:13:01,9,7,0,0,1,0,0,0,0,0,0,1
2026-03-11T01:14:01,9,7,0,0,1,0,0,0,0,0,0,1
2026-03-11T01:15:01,9,7,0,0,1,0,0,0,0,0,0,1
2026-03-11T01:16:01,9,7,0,0,1,0,0,0,0,0,0,1
2026-03-11T01:17:01,9,7,0,0,1,0,0,0,0,0,0,1
2026-03-11T01:18:01,9,7,0,0,1,0,0,0,0,0,0,1
2026-03-11T01:19:01,9,6,0,0,1,0,0,0,0,0,0,1
2026-03-11T01:20:01,9,6,0,0,1,0,0,0,0,0,0,1
2026-03-11T01:21:01,9,6,0,0,1,0,0,0,0,0,0,1
2026-03-11T01:22:01,9,6,0,0,1,0,0,0,0,0,0,1
2026-03-11T01:23:01,9,6,0,0,1,0,0,0,0,0,0,1
2026-03-11T01:24:01,9,6,0,0,1,0,0,0,0,0,0,1
2026-03-11T01:25:01,9,6,0,0,1,0,0,0,0,0,0,1
2026-03-11T01:26:01,9,6,0,0,1,0,0,0,0,0,0,1
2026-03-11T01:27:01,9,6,0,0,1,0,0,0,0,0,0,1
2026-03-11T01:28:01,9,6,0,0,1,0,0,0,0,0,0,1
2026-03-11T01:29:01,9,6,0,0,1,0,0,0,0,0,0,1
2026-03-11T01:30:01,9,6,0,0,1,0,0,0,0,0,0,1
2026-03-11T01:31:01,9,6,0,0,1,0,0,0,0,0,0,1
2026-03-11T01:32:01,9,6,0,0,1,0,0,0,0,0,0,1
2026-03-11T01:33:01,9,6,0,0,1,0,0,0,0,0,0,1
2026-03-11T01:34:01,9,6,0,0,1,0,0,0,0,0,0,1
2026-03-11T01:35:01,9,6,0,0,1,0,0,0,0,0,0,1
2026-03-11T01:36:01,9,6,0,0,1,0,0,0,0,0,0,1
2026-03-11T01:37:01,9,6,0,0,1,0,0,0,0,0,0,1
2026-03-11T01:38:01,9,6,0,0,1,0,0,0,0,0,0,1
2026-03-11T01:39:01,9,6,0,0,1,0,0,0,0,0,0,1
2026-03-11T01:40:01,9,6,0,0,1,0,0,0,0,0,0,1
2026-03-11T01:41:01,9,6,0,0,1,0,0,0,0,0,0,1
2026-03-11T01:42:01,9,6,0,0,1,0,0,0,0,0,0,1
2026-03-11T01:43:01,9,6,0,0,1,0,0,0,0,0,0,1
2026-03-11T01:44:01,9,6,0,0,1,0,0,0,0,0,0,0
2026-03-11T01:45:01,9,6,0,0,1,0,0,0,0,0,0,0
2026-03-11T01:46:01,9,6,0,0,1,0,0,0,0,0,0,0
2026-03-11T01:47:01,9,6,0,0,1,0,0,0,0,0,0,0
2026-03-11T01:48:01,9,6,0,0,1,0,0,0,0,0,0,0
2026-03-11T01:49:01,9,5,0,0,1,0,0,0,0,0,0,0
2026-03-11T01:50:01,9,5,0,0,1,0,0,0,0,0,0,0
2026-03-11T01:51:01,9,5,0,0,1,0,0,0,0,0,0,0
2026-03-11T01:52:01,9,5,0,0,1,0,0,0,0,0,0,0
2026-03-11T01:53:01,9,5,0,0,1,0,0,0,0,0,0,0
2026-03-11T01:54:01,9,5,0,0,1,0,0,0,0,0,0,0
2026-03-11T01:55:01,9,5,0,0,1,0,0,0,0,0,0,0
2026-03-11T01:56:01,9,5,0,0,1,0,0,0,0,0,0,0
2026-03-11T01:57:01,9,5,0,0,1,0,0,0,0,0,0,0
2026-03-11T01:58:01,9,4,0,0,1,0,0,0,0,0,0,0
2026-03-11T01:59:01,9,4,0,0,0,0,0,0,0,0,0,0
2026-03-11T02:00:01,9,4,0,0,0,0,0,0,0,0,0,0
2026-03-11T02:01:01,9,4,0,0,0,0,0,0,0,0,0,0
2026-03-11T02:02:01,9,4,0,0,0,0,0,0,0,0,0,0
2026-03-11T02:03:01,9,4,0,0,0,0,0,0,0,0,0,0
2026-03-11T02:04:01,8,4,0,0,0,0,0,0,0,0,0,0
2026-03-11T02:05:01,8,4,0,0,0,0,0,0,0,0,0,0
2026-03-11T02:06:01,8,4,0,0,0,0,0,0,0,0,0,0
2026-03-11T02:07:01,8,4,0,0,0,0,0,0,0,0,0,0
2026-03-11T02:08:01,8,4,0,0,0,0,0,0,0,0,0,0
2026-03-11T02:09:01,8,4,0,0,0,0,0,0,0,0,0,0
2026-03-11T02:10:01,8,4,0,0,0,0,0,0,0,0,0,0
2026-03-11T02:11:01,8,4,0,0,0,0,0,0,0,0,0,0
2026-03-11T02:12:01,8,4,0,0,0,0,0,0,0,0,0,0
2026-03-11T02:13:01,8,4,0,0,0,0,0,0,0,0,0,0
2026-03-11T02:14:01,8,4,0,0,0,0,0,0,0,0,0,0
2026-03-11T02:15:01,8,4,0,0,0,0,0,0,0,0,0,0
2026-03-11T02:16:01,8,4,0,0,0,0,0,0,0,0,0,0
2026-03-11T02:17:01,8,4,0,0,0,0,0,0,0,0,0,0
2026-03-11T02:18:01,7,4,0,0,0,0,0,0,0,0,0,0
2026-03-11T02:19:01,7,4,0,0,0,0,0,0,0,0,0,0
2026-03-11T02:20:01,7,4,0,0,0,0,0,0,0,0,0,0
2026-03-11T02:21:01,7,4,0,0,0,0,0,0,0,0,0,0
2026-03-11T02:22:01,7,4,0,0,0,0,0,0,0,0,0,0
2026-03-11T02:23:01,7,4,0,0,0,0,0,0,0,0,0,0
2026-03-11T02:24:01,7,3,0,0,0,0,0,0,0,0,0,0
2026-03-11T02:25:01,7,3,0,0,0,0,0,0,0,0,0,0
2026-03-11T02:26:01,7,3,0,0,0,0,0,0,0,0,0,0
2026-03-11T02:27:01,7,3,0,0,0,0,0,0,0,0,0,0
2026-03-11T02:28:01,7,3,0,0,0,0,0,0,0,0,0,0
2026-03-11T02:29:01,6,3,0,0,0,0,0,0,0,0,0,0
2026-03-11T02:30:01,6,3,0,0,0,0,0,0,0,0,0,0
2026-03-11T02:31:01,6,3,0,0,0,0,0,0,0,0,0,0
2026-03-11T02:32:01,6,3,0,0,0,0,0,0,0,0,0,0
2026-03-11T02:33:01,6,3,0,0,0,0,0,0,0,0,0,0
2026-03-11T02:34:01,6,3,0,0,0,0,0,0,0,0,0,0
2026-03-11T02:35:01,6,3,0,0,0,0,0,0,0,0,0,0
2026-03-11T02:36:01,6,3,0,0,0,0,0,0,0,0,0,0
2026-03-11T02:37:01,6,3,0,0,0,0,0,0,0,0,0,0
2026-03-11T02:38:01,6,3,0,0,0,0,0,0,0,0,0,0
2026-03-11T02:39:01,6,3,0,0,0,0,0,0,0,0,0,0
2026-03-11T02:40:01,6,3,0,0,0,0,0,0,0,0,0,0
2026-03-11T02:41:01,6,3,0,0,0,0,0,0,0,0,0,0
2026-03-11T02:42:01,6,3,0,0,0,0,0,0,0,0,0,0
2026-03-11T02:43:01,6,3,0,0,0,0,0,0,0,0,0,0
2026-03-11T02:44:01,6,3,0,0,0,0,0,0,0,0,0,0
2026-03-11T02:45:01,6,3,0,0,0,0,0,0,0,0,0,0
2026-03-11T02:46:01,6,3,0,0,0,0,0,0,0,0,0,0
2026-03-11T02:47:01,6,3,0,0,0,0,0,0,0,0,0,0
2026-03-11T02:48:01,6,3,0,0,0,0,0,0,0,0,0,0
2026-03-11T02:49:01,6,3,0,0,0,0,0,0,0,0,0,0
2026-03-11T02:50:01,6,3,0,0,0,0,0,0,0,0,0,0
2026-03-11T02:51:01,6,3,0,0,0,0,0,0,0,0,0,0
2026-03-11T02:52:01,6,3,0,0,0,0,0,0,0,0,0,0
2026-03-11T02:53:01,6,3,0,0,0,0,0,0,0,0,0,0
2026-03-11T02:54:01,6,3,0,0,0,0,0,0,0,0,0,0
2026-03-11T02:55:01,6,3,0,0,0,0,0,0,0,0,0,0
2026-03-11T02:56:01,6,3,0,0,0,0,0,0,0,0,0,0
2026-03-11T02:57:01,6,3,0,0,0,0,0,0,0,0,0,0
2026-03-11T02:58:01,6,3,0,0,0,0,0,0,0,0,0,0
2026-03-11T02:59:01,6,3,0,0,0,0,0,0,0,0,0,0
2026-03-11T03:00:01,6,3,0,0,0,0,0,0,0,0,0,0
2026-03-11T03:01:01,6,3,0,0,0,0,0,0,0,0,0,0
2026-03-11T03:02:01,6,3,0,0,0,0,0,0,0,0,0,0
2026-03-11T03:03:01,6,3,0,0,0,0,0,0,0,0,0,0
2026-03-11T03:04:01,6,2,0,0,0,0,0,0,0,0,0,0
2026-03-11T03:05:01,6,2,0,0,0,0,0,0,0,0,0,0
2026-03-11T03:06:01,6,2,0,0,0,0,0,0,0,0,0,0
2026-03-11T03:07:01,6,2,0,0,0,0,0,0,0,0,0,0
2026-03-11T03:08:01,6,2,0,0,0,0,0,0,0,0,0,0
2026-03-11T03:09:01,6,2,0,0,0,0,0,0,0,0,0,0
2026-03-11T03:10:01,6,2,0,0,0,0,0,0,0,0,0,0
2026-03-11T03:11:01,6,2,0,0,0,0,0,0,0,0,0,0
2026-03-11T03:12:01,6,2,0,0,0,0,0,0,0,0,0,0
2026-03-11T03:13:01,6,2,0,0,0,0,0,0,0,0,0,0
2026-03-11T03:14:01,6,2,0,0,0,0,0,0,0,0,0,0
2026-03-11T03:15:01,6,2,0,0,0,0,0,0,0,0,0,0
2026-03-11T03:16:01,6,2,0,0,0,0,0,0,0,0,0,0
2026-03-11T03:17:01,6,2,0,0,0,0,0,0,0,0,0,0
2026-03-11T03:18:01,6,2,0,0,0,0,0,0,0,0,0,0
2026-03-11T03:19:01,6,2,0,0,0,0,0,0,0,0,0,0
2026-03-11T03:20:01,6,2,0,0,0,0,0,0,0,0,0,0
2026-03-11T03:21:01,6,2,0,0,0,0,0,0,0,0,0,0
2026-03-11T03:22:01,6,2,0,0,0,0,0,0,0,0,0,0
2026-03-11T03:23:01,6,2,0,0,0,0,0,0,0,0,0,0
2026-03-11T03:24:01,6,2,0,0,0,0,0,0,0,0,0,0
2026-03-11T03:25:01,6,2,0,0,0,0,0,0,0,0,0,0
2026-03-11T03:26:01,6,2,0,0,0,0,0,0,0,0,0,0
2026-03-11T03:27:01,6,2,0,0,0,0,0,0,0,0,0,0
2026-03-11T03:28:01,6,2,0,0,0,0,0,0,0,0,0,0
2026-03-11T03:29:01,6,2,0,0,0,0,0,0,0,0,0,0
2026-03-11T03:30:01,6,2,0,0,0,0,0,0,0,0,0,0
2026-03-11T03:31:01,6,2,0,0,0,0,0,0,0,0,0,0
2026-03-11T03:32:01,6,2,0,0,0,0,0,0,0,0,0,0
2026-03-11T03:33:01,6,2,0,0,0,0,0,0,0,0,0,0
2026-03-11T03:34:01,6,2,0,0,0,0,0,0,0,0,0,0
2026-03-11T03:35:01,6,2,0,0,0,0,0,0,0,0,0,0
2026-03-11T03:36:01,6,2,0,0,0,0,0,0,0,0,0,0
2026-03-11T03:37:01,6,2,0,0,0,0,0,0,0,0,0,0
2026-03-11T03:38:01,6,2,0,0,0,0,0,0,0,0,0,0
2026-03-11T03:39:01,6,2,0,0,0,0,0,0,0,0,0,0
2026-03-11T03:40:01,5,2,0,0,0,0,0,0,0,0,0,0
2026-03-11T03:41:01,5,2,0,0,0,0,0,0,0,0,0,0
2026-03-11T03:42:01,5,2,0,0,0,0,0,0,0,0,0,0
2026-03-11T03:43:01,5,2,0,0,0,0,0,0,0,0,0,0
2026-03-11T03:44:01,5,2,0,0,0,0,0,0,0,0,0,0
2026-03-11T03:45:01,5,2,0,0,0,0,0,0,0,0,0,0
2026-03-11T03:46:01,5,2,0,0,0,0,0,0,0,0,0,0
2026-03-11T03:47:01,5,2,0,0,0,0,0,0,0,0,0,0
2026-03-11T03:48:01,5,2,0,0,0,0,0,0,0,0,0,0
2026-03-11T03:49:01,5,2,0,0,0,0,0,0,0,0,0,0
2026-03-11T03:50:01,5,2,0,0,0,0,0,0,0,0,0,0
2026-03-11T03:51:01,5,2,0,0,0,0,0,0,0,0,0,0
2026-03-11T03:52:01,5,2,0,0,0,0,0,0,0,0,0,0
2026-03-11T03:53:01,5,2,0,0,0,0,0,0,0,0,0,0
2026-03-11T03:54:01,5,2,0,0,0,0,0,0,0,0,0,0
2026-03-11T03:55:01,5,2,0,0,0,0,0,0,0,0,0,0
2026-03-11T03:56:01,5,2,0,0,0,0,0,0,0,0,0,0
2026-03-11T03:57:01,5,2,0,0,0,0,0,0,0,0,0,0
2026-03-11T03:58:01,5,2,0,0,0,0,0,0,0,0,0,0
2026-03-11T03:59:01,5,2,0,0,0,0,0,0,0,0,0,0
2026-03-11T04:00:01,5,2,0,0,0,0,0,0,0,0,0,0
2026-03-11T04:01:01,5,2,0,0,0,0,0,0,0,0,0,0
2026-03-11T04:02:01,5,2,0,0,0,0,0,0,0,0,0,0
2026-03-11T04:03:01,5,2,0,0,0,0,0,0,0,0,0,0
2026-03-11T04:04:01,5,2,0,0,0,0,0,0,0,0,0,0
2026-03-11T04:05:01,5,2,0,0,0,0,0,0,0,0,0,0
2026-03-11T04:06:01,5,2,0,0,0,0,0,0,0,0,0,0
2026-03-11T04:07:01,5,2,0,0,0,0,0,0,0,0,0,0
2026-03-11T04:08:01,5,2,0,0,0,0,0,0,0,0,0,0
2026-03-11T04:09:01,5,2,0,0,0,0,0,0,0,0,0,0
2026-03-11T04:10:01,5,2,0,0,0,0,0,0,0,0,0,0
2026-03-11T04:11:01,5,2,0,0,0,0,0,0,0,0,0,0
2026-03-11T04:12:01,5,2,0,0,0,0,0,0,0,0,0,0
2026-03-11T04:13:01,5,2,0,0,0,0,0,0,0,0,0,0
2026-03-11T04:14:01,5,2,0,0,0,0,0,0,0,0,0,0
2026-03-11T04:15:01,5,2,0,0,0,0,0,0,0,0,0,0
2026-03-11T04:16:01,5,2,0,0,0,0,0,0,0,0,0,0
2026-03-11T04:17:01,5,2,0,0,0,0,0,0,0,0,0,0
2026-03-11T04:18:01,5,2,0,0,0,0,0,0,0,0,0,0
2026-03-11T04:19:01,5,2,0,0,0,0,0,0,0,0,0,0
2026-03-11T04:20:01,5,2,0,0,0,0,0,0,0,0,0,0
2026-03-11T04:21:01,5,2,0,0,0,0,0,0,0,0,0,0
2026-03-11T04:22:01,5,2,0,0,0,0,0,0,0,0,0,0
2026-03-11T04:23:01,5,2,0,0,0,0,0,0,0,0,0,0
2026-03-11T04:24:01,5,2,0,0,0,0,0,0,0,0,0,0
2026-03-11T04:25:01,5,2,0,0,0,0,0,0,0,0,0,0
2026-03-11T04:26:01,5,2,0,0,0,0,0,0,0,0,0,0
2026-03-11T04:27:01,5,2,0,0,0,0,0,0,0,0,0,0
2026-03-11T04:28:01,5,2,0,0,0,0,0,0,0,0,0,0
2026-03-11T04:29:01,5,2,0,0,0,0,0,0,0,0,0,0
2026-03-11T04:30:01,5,2,0,0,0,0,0,0,0,0,0,0
2026-03-11T04:31:01,5,2,0,0,0,0,0,0,0,0,0,0
2026-03-11T04:32:01,5,1,0,0,0,0,0,0,0,0,0,0
2026-03-11T04:33:01,5,1,0,0,0,0,0,0,0,0,0,0
2026-03-11T04:34:01,5,1,0,0,0,0,0,0,0,0,0,0
2026-03-11T04:35:01,5,1,0,0,0,0,0,0,0,0,0,0
2026-03-11T04:36:01,5,1,0,0,0,0,0,0,0,0,0,0
2026-03-11T04:37:01,5,1,0,0,0,0,0,0,0,0,0,0
2026-03-11T04:38:01,5,1,0,0,0,0,0,0,0,0,0,0
2026-03-11T04:39:01,5,1,0,0,0,0,0,0,0,0,0,0
2026-03-11T04:40:01,5,1,0,0,0,0,0,0,0,0,0,0
2026-03-11T04:41:01,5,1,0,0,0,0,0,0,0,0,0,0
2026-03-11T04:42:01,5,1,0,0,0,0,0,0,0,0,0,0
2026-03-11T04:43:01,5,1,0,0,0,0,0,0,0,0,0,0
2026-03-11T04:44:01,5,1,0,0,0,0,0,0,0,0,0,0
2026-03-11T04:45:01,5,1,0,0,0,0,0,0,0,0,0,0
2026-03-11T04:46:01,5,1,0,0,0,0,0,0,0,0,0,0
2026-03-11T04:47:01,5,1,0,0,0,0,0,0,0,0,0,0
2026-03-11T04:48:01,5,1,0,0,0,0,0,0,0,0,0,0
2026-03-11T04:49:01,4,1,0,0,0,0,0,0,0,0,0,0
2026-03-11T04:50:01,4,1,0,0,0,0,0,0,0,0,0,0
2026-03-11T04:51:01,4,1,0,0,0,0,0,0,0,0,0,0
2026-03-11T04:52:01,4,1,0,0,0,0,0,0,0,0,0,0
2026-03-11T04:53:01,4,1,0,0,0,0,0,0,0,0,0,0
2026-03-11T04:54:01,4,1,0,0,0,0,0,0,0,0,0,0
2026-03-11T04:55:01,4,1,0,0,0,0,0,0,0,0,0,0
2026-03-11T04:56:01,4,1,0,0,0,0,0,0,0,0,0,0
2026-03-11T04:57:01,4,1,0,0,0,0,0,0,0,0,0,0
2026-03-11T04:58:01,4,1,0,0,0,0,0,0,0,0,0,0
2026-03-11T04:59:01,3,1,0,0,0,0,0,0,0,0,0,0
2026-03-11T05:00:01,3,1,0,0,0,0,0,0,0,0,0,0
2026-03-11T05:01:01,2,1,0,0,0,0,0,0,0,0,0,0
2026-03-11T05:02:01,2,1,0,0,0,0,0,0,0,0,0,0
2026-03-11T05:03:01,2,1,0,0,0,0,0,0,0,0,0,0
2026-03-11T05:04:01,2,1,0,0,0,0,0,0,0,0,0,0
2026-03-11T05:05:01,2,1,0,0,0,0,0,0,0,0,0,0
2026-03-11T05:06:01,2,1,0,0,0,0,0,0,0,0,0,0
2026-03-11T05:07:01,2,1,0,0,0,0,0,0,0,0,0,0
2026-03-11T05:08:01,2,1,0,0,0,0,0,0,0,0,0,0
2026-03-11T05:09:01,2,1,0,0,0,0,0,0,0,0,0,0
2026-03-11T05:10:01,2,1,0,0,0,0,0,0,0,0,0,0
2026-03-11T05:11:01,2,1,0,0,0,0,0,0,0,0,0,0
2026-03-11T05:12:01,2,1,0,0,0,0,0,0,0,0,0,0
2026-03-11T05:13:01,2,1,0,0,0,0,0,0,0,0,0,0
2026-03-11T05:14:01,2,1,0,0,0,0,0,0,0,0,0,0
2026-03-11T05:15:01,2,1,0,0,0,0,0,0,0,0,0,0
2026-03-11T05:16:01,2,1,0,0,0,0,0,0,0,0,0,0
2026-03-11T05:17:01,2,1,0,0,0,0,0,0,0,0,0,0
2026-03-11T05:18:01,2,1,0,0,0,0,0,0,0,0,0,0
2026-03-11T05:19:01,2,1,0,0,0,0,0,0,0,0,0,0
2026-03-11T05:20:01,2,1,0,0,0,0,0,0,0,0,0,0
2026-03-11T05:21:01,2,1,0,0,0,0,0,0,0,0,0,0
2026-03-11T05:22:01,2,1,0,0,0,0,0,0,0,0,0,0
2026-03-11T05:23:01,2,1,0,0,0,0,0,0,0,0,0,0
2026-03-11T05:24:01,2,1,0,0,0,0,0,0,0,0,0,0
2026-03-11T05:25:01,2,1,0,0,0,0,0,0,0,0,0,0
2026-03-11T05:26:01,2,1,0,0,0,0,0,0,0,0,0,0
2026-03-11T05:27:01,2,1,0,0,0,0,0,0,0,0,0,0
2026-03-11T05:28:01,2,1,0,0,0,0,0,0,0,0,0,0
2026-03-11T05:29:01,2,1,0,0,0,0,0,0,0,0,0,0
2026-03-11T05:30:01,2,1,0,0,0,0,0,0,0,0,0,0
2026-03-11T05:31:01,2,1,0,0,0,0,0,0,0,0,0,0
2026-03-11T05:32:01,2,1,0,0,0,0,0,0,0,0,0,0
2026-03-11T05:33:01,2,1,0,0,0,0,0,0,0,0,0,0
2026-03-11T05:34:01,2,1,0,0,0,0,0,0,0,0,0,0
2026-03-11T05:35:01,2,1,0,0,0,0,0,0,0,0,0,0
2026-03-11T05:36:01,2,1,0,0,0,0,0,0,0,0,0,0
2026-03-11T05:37:01,2,1,0,0,0,0,0,0,0,0,0,0
2026-03-11T05:38:01,2,1,0,0,0,0,0,0,0,0,0,0
2026-03-11T05:39:01,2,1,0,0,0,0,0,0,0,0,0,0
2026-03-11T05:40:01,2,1,0,0,0,0,0,0,0,0,0,0
2026-03-11T05:41:01,2,1,0,0,0,0,0,0,0,0,0,0
2026-03-11T05:42:01,2,1,0,0,0,0,0,0,0,0,0,0
2026-03-11T05:43:01,2,1,0,0,0,0,0,0,0,0,0,0
2026-03-11T05:44:01,2,1,0,0,0,0,0,0,0,0,0,0
2026-03-11T05:45:01,2,1,0,0,0,0,0,0,0,0,0,0
2026-03-11T05:46:01,2,1,0,0,0,0,0,0,0,0,0,0
2026-03-11T05:47:01,2,1,0,0,0,0,0,0,0,0,0,0
2026-03-11T05:48:01,2,1,0,0,0,0,0,0,0,0,0,0
2026-03-11T05:49:01,2,1,0,0,0,0,0,0,0,0,0,0
2026-03-11T05:50:01,2,1,0,0,0,0,0,0,0,0,0,0
2026-03-11T05:51:01,2,1,0,0,0,0,0,0,0,0,0,0
2026-03-11T05:52:01,2,1,0,0,0,0,0,0,0,0,0,0
2026-03-11T05:53:01,2,1,0,0,0,0,0,0,0,0,0,0
2026-03-11T05:54:01,2,1,0,0,0,0,0,0,0,0,0,0
2026-03-11T05:55:01,2,1,0,0,0,0,0,0,0,0,0,0
2026-03-11T05:56:01,2,1,0,0,0,0,0,0,0,0,0,0
2026-03-11T05:57:01,2,1,0,0,0,0,0,0,0,0,0,0
2026-03-11T05:58:01,2,1,0,0,0,0,0,0,0,0,0,0
2026-03-11T05:59:01,2,1,0,0,0,0,0,0,0,0,0,0
2026-03-11T06:00:01,2,1,0,0,0,0,0,0,0,0,0,0
2026-03-11T06:01:01,2,1,0,0,0,0,0,0,0,0,0,0
2026-03-11T06:02:01,2,1,0,0,0,0,0,0,0,0,0,0
2026-03-11T06:03:01,2,1,0,0,0,0,0,0,0,0,0,0
2026-03-11T06:04:01,2,1,0,0,0,0,0,0,0,0,0,0
2026-03-11T06:05:01,2,1,0,0,0,0,0,0,0,0,0,0
2026-03-11T06:06:01,2,1,0,0,0,0,0,0,0,0,0,0
2026-03-11T06:07:01,2,1,0,0,0,0,0,0,0,0,0,0
2026-03-11T06:08:01,2,1,0,0,0,0,0,0,0,0,0,0
2026-03-11T06:09:01,2,1,0,0,0,0,0,0,0,0,0,0
2026-03-11T06:10:01,2,1,0,0,0,0,0,0,0,0,0,0
2026-03-11T06:11:01,2,1,0,0,0,0,0,0,0,0,0,0
2026-03-11T06:12:01,2,1,0,0,0,0,0,0,0,0,0,0
2026-03-11T06:13:01,2,1,0,0,0,0,0,0,0,0,0,0
2026-03-11T06:14:01,2,1,0,0,0,0,0,0,0,0,0,0
2026-03-11T06:15:01,2,1,0,0,0,0,0,0,0,0,0,0
2026-03-11T06:16:01,2,1,0,0,0,0,0,0,0,0,0,0
2026-03-11T06:17:01,2,1,0,0,0,0,0,0,0,0,0,0
2026-03-11T06:18:01,2,1,0,0,0,0,0,0,0,0,0,0
2026-03-11T06:19:01,2,1,0,0,0,0,0,0,0,0,0,0
2026-03-11T06:20:01,2,1,0,0,0,0,0,0,0,0,0,0
2026-03-11T06:21:01,2,1,0,0,0,0,0,0,0,0,0,0
2026-03-11T06:22:01,2,1,0,0,0,0,0,0,0,0,0,0
2026-03-11T06:23:01,2,1,0,0,0,0,0,0,0,0,0,0
2026-03-11T06:24:01,2,1,0,0,0,0,0,0,0,0,0,0
2026-03-11T06:25:01,2,1,0,0,0,0,0,0,0,0,0,0
2026-03-11T06:26:01,2,1,0,0,0,0,0,0,0,0,0,0
2026-03-11T06:27:01,2,1,0,0,0,0,0,0,0,0,0,0
2026-03-11T06:28:01,2,1,0,0,0,0,0,0,0,0,0,0
2026-03-11T06:29:01,2,1,0,0,0,0,0,0,0,0,0,0
2026-03-11T06:30:01,2,1,0,0,0,0,0,0,0,0,0,0
2026-03-11T06:31:01,2,1,0,0,0,0,0,0,0,0,0,0
2026-03-11T06:32:01,2,1,0,0,0,0,0,0,0,0,0,0
2026-03-11T06:33:01,2,1,0,0,0,0,0,0,0,0,0,0
2026-03-11T06:34:01,2,1,0,0,0,0,0,0,0,0,0,0
2026-03-11T06:35:01,2,1,0,0,0,0,0,0,0,0,0,0
2026-03-11T06:36:01,2,1,0,0,0,0,0,0,0,0,0,0
2026-03-11T06:37:01,2,1,0,0,0,0,0,0,0,0,0,0
2026-03-11T06:38:01,2,1,0,0,0,0,0,0,0,0,0,0
2026-03-11T06:39:01,2,1,0,0,0,0,0,0,0,0,0,0
2026-03-11T06:40:01,2,1,0,0,0,0,0,0,0,0,0,0
2026-03-11T06:41:01,2,1,0,0,0,0,0,0,0,0,0,0
2026-03-11T06:42:01,2,1,0,0,0,0,0,0,0,0,0,0
2026-03-11T06:43:01,2,1,0,0,0,0,0,0,0,0,0,0
2026-03-11T06:44:01,2,1,0,0,0,0,0,0,0,0,0,0
2026-03-11T06:45:01,2,1,0,0,0,0,0,0,0,0,0,0
2026-03-11T06:46:01,2,1,0,0,0,0,0,0,0,0,0,0
2026-03-11T06:47:01,2,1,0,0,0,0,0,0,0,0,0,0
2026-03-11T06:48:01,2,1,0,0,0,0,0,0,0,0,0,0
2026-03-11T06:49:01,2,1,0,0,0,0,0,0,0,0,0,0
2026-03-11T06:50:01,2,1,0,0,0,0,0,0,0,0,0,0
2026-03-11T06:51:01,2,1,0,0,0,0,0,0,0,0,0,0
2026-03-11T06:52:01,2,1,0,0,0,0,0,0,0,0,0,0
2026-03-11T06:53:01,2,1,0,0,0,0,0,0,0,0,0,0
2026-03-11T06:54:01,2,1,0,0,0,0,0,0,0,0,0,0
2026-03-11T06:55:01,2,1,0,0,0,0,0,0,0,0,0,0
2026-03-11T06:56:01,2,1,0,0,0,0,0,0,0,0,0,0
2026-03-11T06:57:01,2,1,0,0,0,0,0,0,0,0,0,0
2026-03-11T06:58:01,2,1,0,0,0,0,0,0,0,0,0,0
2026-03-11T06:59:01,2,1,0,0,0,0,0,0,0,0,0,0
2026-03-11T07:00:01,2,1,0,0,0,0,0,0,0,0,0,0
2026-03-11T07:01:01,2,1,0,0,0,0,0,0,0,0,0,0
2026-03-11T07:02:01,2,1,0,0,0,0,0,0,0,0,0,0
2026-03-11T07:03:01,2,1,0,0,0,0,0,0,0,0,0,0
2026-03-11T07:04:01,2,1,0,0,0,0,0,0,0,0,0,0
2026-03-11T07:05:01,2,1,0,0,0,0,0,0,0,0,0,0
2026-03-11T07:06:01,2,1,0,0,0,0,0,0,0,0,0,0
2026-03-11T07:07:01,2,1,0,0,0,0,0,0,0,0,0,0
2026-03-11T07:08:01,2,1,0,0,0,0,0,0,0,0,0,0
2026-03-11T07:09:01,2,1,0,0,0,0,0,0,0,0,0,0
2026-03-11T07:10:01,2,1,0,0,0,0,0,0,0,0,0,0
2026-03-11T07:11:01,2,1,0,0,0,0,0,0,0,0,0,0
2026-03-11T07:12:01,2,1,0,0,0,0,0,0,0,0,0,0
2026-03-11T07:13:01,2,1,0,0,0,0,0,0,0,0,0,0
2026-03-11T07:14:01,2,1,0,0,0,0,0,0,0,0,0,0
2026-03-11T07:15:01,2,0,0,0,0,0,0,0,0,0,0,0
2026-03-11T07:16:01,2,0,0,0,0,0,0,0,0,0,0,0
2026-03-11T07:17:01,2,0,0,0,0,0,0,0,0,0,0,0
2026-03-11T07:18:01,2,0,0,0,0,0,0,0,0,0,0,0
2026-03-11T07:19:01,2,0,0,0,0,0,0,0,0,0,0,0
2026-03-11T07:20:01,2,0,0,0,0,0,0,0,0,0,0,0
2026-03-11T07:21:01,2,0,0,0,0,0,0,0,0,0,0,0
2026-03-11T07:22:01,2,0,0,0,0,0,0,0,0,0,0,0
2026-03-11T07:23:01,2,0,0,0,0,0,0,0,0,0,0,0
2026-03-11T07:24:01,2,0,0,0,0,0,0,0,0,0,0,0
2026-03-11T07:25:01,2,0,0,0,0,0,0,0,0,0,0,0
2026-03-11T07:26:01,2,0,0,0,0,0,0,0,0,0,0,0
2026-03-11T07:27:01,2,0,0,0,0,0,0,0,0,0,0,0
2026-03-11T07:28:01,2,0,0,0,0,0,0,0,0,0,0,0
2026-03-11T07:29:01,2,0,0,0,0,0,0,0,0,0,0,0
2026-03-11T07:30:01,2,0,0,0,0,0,0,0,0,0,0,0
2026-03-11T07:31:01,2,0,0,0,0,0,0,0,0,0,0,0
2026-03-11T07:32:01,2,0,0,0,0,0,0,0,0,0,0,0
2026-03-11T07:33:01,2,0,0,0,0,0,0,0,0,0,0,0
2026-03-11T07:34:01,2,0,0,0,0,0,0,0,0,0,0,0
2026-03-11T07:35:01,2,0,0,0,0,0,0,0,0,0,0,0
2026-03-11T07:36:01,2,0,0,0,0,0,0,0,0,0,0,0
2026-03-11T07:37:01,2,0,0,0,0,0,0,0,0,0,0,0
2026-03-11T07:38:01,2,0,0,0,0,0,0,0,0,0,0,0
2026-03-11T07:39:01,2,0,0,0,0,0,0,0,0,0,0,0
2026-03-11T07:40:01,2,0,0,0,0,0,0,0,0,0,0,0
2026-03-11T07:41:01,2,0,0,0,0,0,0,0,0,0,0,0
2026-03-11T07:42:01,1,0,0,0,0,0,0,0,0,0,0,0
2026-03-11T07:43:01,1,0,0,0,0,0,0,0,0,0,0,0
2026-03-11T07:44:01,1,0,0,0,0,0,0,0,0,0,0,0
2026-03-11T07:45:01,1,0,0,0,0,0,0,0,0,0,0,0
2026-03-11T07:46:01,1,0,0,0,0,0,0,0,0,0,0,0
2026-03-11T07:47:01,1,0,0,0,0,0,0,0,0,0,0,0
2026-03-11T07:48:01,1,0,0,0,0,0,0,0,0,0,0,0
2026-03-11T07:49:01,1,0,0,0,0,0,0,0,0,0,0,0
2026-03-11T07:50:01,1,0,0,0,0,0,0,0,0,0,0,0
2026-03-11T07:51:01,1,0,0,0,0,0,0,0,0,0,0,0
2026-03-11T07:52:01,1,0,0,0,0,0,0,0,0,0,0,0
2026-03-11T07:53:01,1,0,0,0,0,0,0,0,0,0,0,0
2026-03-11T07:54:01,1,0,0,0,0,0,0,0,0,0,0,0
2026-03-11T07:55:01,1,0,0,0,0,0,0,0,0,0,0,0
2026-03-11T07:56:01,1,0,0,0,0,0,0,0,0,0,0,0
2026-03-11T07:57:01,1,0,0,0,0,0,0,0,0,0,0,0
2026-03-11T07:58:01,1,0,0,0,0,0,0,0,0,0,0,0
2026-03-11T07:59:01,1,0,0,0,0,0,0,0,0,0,0,0
2026-03-11T08:00:01,1,0,0,0,0,0,0,0,0,0,0,0
2026-03-11T08:01:01,1,0,0,0,0,0,0,0,0,0,0,0
2026-03-11T08:02:01,1,0,0,0,0,0,0,0,0,0,0,0
2026-03-11T08:03:01,1,0,0,0,0,0,0,0,0,0,0,0
2026-03-11T08:04:01,1,0,0,0,0,0,0,0,0,0,0,0
2026-03-11T08:05:01,1,0,0,0,0,0,0,0,0,0,0,0
2026-03-11T08:06:01,1,0,0,0,0,0,0,0,0,0,0,0
2026-03-11T08:07:01,1,0,0,0,0,0,0,0,0,0,0,0
2026-03-11T08:08:01,1,0,0,0,0,0,0,0,0,0,0,0
2026-03-11T08:09:01,1,0,0,0,0,0,0,0,0,0,0,0
2026-03-11T08:10:01,1,0,0,0,0,0,0,0,0,0,0,0
2026-03-11T08:11:01,1,0,0,0,0,0,0,0,0,0,0,0
2026-03-11T08:12:01,1,0,0,0,0,0,0,0,0,0,0,0
2026-03-11T08:13:01,1,0,0,0,0,0,0,0,0,0,0,0
2026-03-11T08:14:01,1,0,0,0,0,0,0,0,0,0,0,0
2026-03-11T08:15:01,1,0,0,0,0,0,0,0,0,0,0,0
2026-03-11T08:16:01,1,0,0,0,0,0,0,0,0,0,0,0
2026-03-11T08:17:01,1,0,0,0,0,0,0,0,0,0,0,0
2026-03-11T08:18:01,1,0,0,0,0,0,0,0,0,0,0,0
2026-03-11T08:19:01,1,0,0,0,0,0,0,0,0,0,0,0
2026-03-11T08:20:01,1,0,0,0,0,0,0,0,0,0,0,0
2026-03-11T08:21:01,1,0,0,0,0,0,0,0,0,0,0,0
2026-03-11T08:22:01,1,0,0,0,0,0,0,0,0,0,0,0
2026-03-11T08:23:01,1,0,0,0,0,0,0,0,0,0,0,0
2026-03-11T08:24:01,1,0,0,0,0,0,0,0,0,0,0,0
2026-03-11T08:25:01,1,0,0,0,0,0,0,0,0,0,0,0
2026-03-11T08:26:01,1,0,0,0,0,0,0,0,0,0,0,0
2026-03-11T08:27:01,1,0,0,0,0,0,0,0,0,0,0,0
2026-03-11T08:28:01,1,0,0,0,0,0,0,0,0,0,0,0
2026-03-11T08:29:01,1,0,0,0,0,0,0,0,0,0,0,0
2026-03-11T08:30:01,1,0,0,0,0,0,0,0,0,0,0,0
2026-03-11T08:31:01,1,0,0,0,0,0,0,0,0,0,0,0
2026-03-11T08:32:01,1,0,0,0,0,0,0,0,0,0,0,0
2026-03-11T08:33:01,1,0,0,0,0,0,0,0,0,0,0,0
2026-03-11T08:34:01,1,0,0,0,0,0,0,0,0,0,0,0
2026-03-11T08:35:01,1,0,0,0,0,0,0,0,0,0,0,0
2026-03-11T08:36:01,1,0,0,0,0,0,0,0,0,0,0,0
2026-03-11T08:37:01,1,0,0,0,0,0,0,0,0,0,0,0
2026-03-11T08:38:01,1,0,0,0,0,0,0,0,0,0,0,0
2026-03-11T08:39:01,1,0,0,0,0,0,0,0,0,0,0,0
2026-03-11T08:40:01,1,0,0,0,0,0,0,0,0,0,0,0
2026-03-11T08:41:01,1,0,0,0,0,0,0,0,0,0,0,0
2026-03-11T08:42:01,1,0,0,0,0,0,0,0,0,0,0,0
2026-03-11T08:43:01,1,0,0,0,0,0,0,0,0,0,0,0
2026-03-11T08:44:01,1,0,0,0,0,0,0,0,0,0,0,0
2026-03-11T08:45:01,1,0,0,0,0,0,0,0,0,0,0,0
2026-03-11T08:46:01,1,0,0,0,0,0,0,0,0,0,0,0
2026-03-11T08:47:01,1,0,0,0,0,0,0,0,0,0,0,0
2026-03-11T08:48:01,1,0,0,0,0,0,0,0,0,0,0,0
2026-03-11T08:49:01,1,0,0,0,0,0,0,0,0,0,0,0
2026-03-11T08:50:01,1,0,0,0,0,0,0,0,0,0,0,0
2026-03-11T08:51:01,1,0,0,0,0,0,0,0,0,0,0,0
2026-03-11T08:52:01,1,0,0,0,0,0,0,0,0,0,0,0
2026-03-11T08:53:01,1,0,0,0,0,0,0,0,0,0,0,0
2026-03-11T08:54:01,1,0,0,0,0,0,0,0,0,0,0,0
2026-03-11T08:55:01,1,0,0,0,0,0,0,0,0,0,0,0
2026-03-11T08:56:01,1,0,0,0,0,0,0,0,0,0,0,0
2026-03-11T08:57:01,1,0,0,0,0,0,0,0,0,0,0,0
2026-03-11T08:58:01,1,0,0,0,0,0,0,0,0,0,0,0
2026-03-11T08:59:01,1,0,0,0,0,0,0,0,0,0,0,0
2026-03-11T09:00:01,1,0,0,0,0,0,0,0,0,0,0,0
2026-03-11T09:01:01,1,0,0,0,0,0,0,0,0,0,0,0
2026-03-11T09:02:01,1,0,0,0,0,0,0,0,0,0,0,0
2026-03-11T09:03:01,1,0,0,0,0,0,0,0,0,0,0,0
2026-03-11T09:04:01,1,0,0,0,0,0,0,0,0,0,0,0
2026-03-11T09:05:01,1,0,0,0,0,0,0,0,0,0,0,0
2026-03-11T09:06:01,1,0,0,0,0,0,0,0,0,0,0,0
2026-03-11T09:07:01,1,0,0,0,0,0,0,0,0,0,0,0
2026-03-11T09:08:01,1,0,0,0,0,0,0,0,0,0,0,0
2026-03-11T09:09:01,1,0,0,0,0,0,0,0,0,0,0,0
2026-03-11T09:10:01,1,0,0,0,0,0,0,0,0,0,0,0
2026-03-11T09:11:01,1,0,0,0,0,0,0,0,0,0,0,0
2026-03-11T09:12:01,1,0,0,0,0,0,0,0,0,0,0,0
2026-03-11T09:13:01,1,0,0,0,0,0,0,0,0,0,0,0
2026-03-11T09:14:01,1,0,0,0,0,0,0,0,0,0,0,0
2026-03-11T09:15:01,1,0,0,0,0,0,0,0,0,0,0,0
2026-03-11T09:16:01,1,0,0,0,0,0,0,0,0,0,0,0
2026-03-11T09:17:01,1,0,0,0,0,0,0,0,0,0,0,0
2026-03-11T09:18:01,1,0,0,0,0,0,0,0,0,0,0,0
2026-03-11T09:19:01,1,0,0,0,0,0,0,0,0,0,0,0
2026-03-11T09:20:01,1,0,0,0,0,0,0,0,0,0,0,0
2026-03-11T09:21:01,1,0,0,0,0,0,0,0,0,0,0,0
2026-03-11T09:22:01,1,0,0,0,0,0,0,0,0,0,0,0
2026-03-11T09:23:01,1,0,0,0,0,0,0,0,0,0,0,0
2026-03-11T09:24:01,1,0,0,0,0,0,0,0,0,0,0,0
2026-03-11T09:25:01,1,0,0,0,0,0,0,0,0,0,0,0
2026-03-11T09:26:01,1,0,0,0,0,0,0,0,0,0,0,0
2026-03-11T09:27:01,1,0,0,0,0,0,0,0,0,0,0,0
2026-03-11T09:28:01,1,0,0,0,0,0,0,0,0,0,0,0
2026-03-11T09:29:01,1,0,0,0,0,0,0,0,0,0,0,0
2026-03-11T09:30:01,1,0,0,0,0,0,0,0,0,0,0,0
2026-03-11T09:31:01,1,0,0,0,0,0,0,0,0,0,0,0
2026-03-11T09:32:01,1,0,0,0,0,0,0,0,0,0,0,0
2026-03-11T09:33:01,1,0,0,0,0,0,0,0,0,0,0,0
2026-03-11T09:34:01,1,0,0,0,0,0,0,0,0,0,0,0
2026-03-11T09:35:01,1,0,0,0,0,0,0,0,0,0,0,0
2026-03-11T09:36:01,1,0,0,0,0,0,0,0,0,0,0,0
2026-03-11T09:37:01,1,0,0,0,0,0,0,0,0,0,0,0
2026-03-11T09:38:01,1,0,0,0,0,0,0,0,0,0,0,0
2026-03-11T09:39:01,1,0,0,0,0,0,0,0,0,0,0,0
2026-03-11T09:40:01,1,0,0,0,0,0,0,0,0,0,0,0
2026-03-11T09:41:01,1,0,0,0,0,0,0,0,0,0,0,0
2026-03-11T09:42:01,1,0,0,0,0,0,0,0,0,0,0,0
2026-03-11T09:43:01,1,0,0,0,0,0,0,0,0,0,0,0
2026-03-11T09:44:01,1,0,0,0,0,0,0,0,0,0,0,0
2026-03-11T09:45:01,1,0,0,0,0,0,0,0,0,0,0,0
2026-03-11T09:46:01,1,0,0,0,0,0,0,0,0,0,0,0
2026-03-11T09:47:01,1,0,0,0,0,0,0,0,0,0,0,0
2026-03-11T09:48:01,1,0,0,0,0,0,0,0,0,0,0,0
2026-03-11T09:49:01,1,0,0,0,0,0,0,0,0,0,0,0
2026-03-11T09:50:01,1,0,0,0,0,0,0,0,0,0,0,0
2026-03-11T09:51:01,1,0,0,0,0,0,0,0,0,0,0,0
2026-03-11T09:52:01,1,0,0,0,0,0,0,0,0,0,0,0
2026-03-11T09:53:01,1,0,0,0,0,0,0,0,0,0,0,0
2026-03-11T09:54:01,1,0,0,0,0,0,0,0,0,0,0,0
2026-03-11T09:55:01,1,0,0,0,0,0,0,0,0,0,0,0
2026-03-11T09:56:01,1,0,0,0,0,0,0,0,0,0,0,0
2026-03-11T09:57:01,1,0,0,0,0,0,0,0,0,0,0,0
2026-03-11T09:58:01,1,0,0,0,0,0,0,0,0,0,0,0
2026-03-11T09:59:01,1,0,0,0,0,0,0,0,0,0,0,0
2026-03-11T10:00:01,1,0,0,0,0,0,0,0,0,0,0,0
2026-03-11T10:01:01,1,0,0,0,0,0,0,0,0,0,0,0
2026-03-11T10:02:01,1,0,0,0,0,0,0,0,0,0,0,0
2026-03-11T10:03:01,1,0,0,0,0,0,0,0,0,0,0,0
2026-03-11T10:04:01,1,0,0,0,0,0,0,0,0,0,0,0
2026-03-11T10:05:01,1,0,0,0,0,0,0,0,0,0,0,0
2026-03-11T10:06:01,1,0,0,0,0,0,0,0,0,0,0,0
2026-03-11T10:07:01,1,0,0,0,0,0,0,0,0,0,0,0
2026-03-11T10:08:01,1,0,0,0,0,0,0,0,0,0,0,0
2026-03-11T10:09:01,1,0,0,0,0,0,0,0,0,0,0,0
2026-03-11T10:10:01,1,0,0,0,0,0,0,0,0,0,0,0
2026-03-11T10:11:01,1,0,0,0,0,0,0,0,0,0,0,0
2026-03-11T10:12:01,1,0,0,0,0,0,0,0,0,0,0,0
2026-03-11T10:13:01,1,0,0,0,0,0,0,0,0,0,0,0
2026-03-11T10:14:01,1,0,0,0,0,0,0,0,0,0,0,0
2026-03-11T10:15:01,1,0,0,0,0,0,0,0,0,0,0,0
2026-03-11T10:16:01,1,0,0,0,0,0,0,0,0,0,0,0
2026-03-11T10:17:01,1,0,0,0,0,0,0,0,0,0,0,0
2026-03-11T10:18:01,1,0,0,0,0,0,0,0,0,0,0,0
2026-03-11T10:19:01,1,0,0,0,0,0,0,0,0,0,0,0
2026-03-11T10:20:01,1,0,0,0,0,0,0,0,0,0,0,0
2026-03-11T10:21:01,1,0,0,0,0,0,0,0,0,0,0,0
2026-03-11T10:22:01,1,0,0,0,0,0,0,0,0,0,0,0
2026-03-11T10:23:01,1,0,0,0,0,0,0,0,0,0,0,0
2026-03-11T10:24:01,1,0,0,0,0,0,0,0,0,0,0,0
2026-03-11T10:25:01,1,0,0,0,0,0,0,0,0,0,0,0
2026-03-11T10:26:01,1,0,0,0,0,0,0,0,0,0,0,0
2026-03-11T10:27:01,1,0,0,0,0,0,0,0,0,0,0,0
2026-03-11T10:28:01,1,0,0,0,0,0,0,0,0,0,0,0
2026-03-11T10:29:01,1,0,0,0,0,0,0,0,0,0,0,0
2026-03-11T10:30:01,1,0,0,0,0,0,0,0,0,0,0,0
2026-03-11T10:31:01,1,0,0,0,0,0,0,0,0,0,0,0
2026-03-11T10:32:01,1,0,0,0,0,0,0,0,0,0,0,0
2026-03-11T10:33:01,1,0,0,0,0,0,0,0,0,0,0,0
2026-03-11T10:34:01,1,0,0,0,0,0,0,0,0,0,0,0
2026-03-11T10:35:01,1,0,0,0,0,0,0,0,0,0,0,0
2026-03-11T10:36:01,1,0,0,0,0,0,0,0,0,0,0,0
2026-03-11T10:37:01,1,0,0,0,0,0,0,0,0,0,0,0
2026-03-11T10:38:01,1,0,0,0,0,0,0,0,0,0,0,0
2026-03-11T10:39:01,1,0,0,0,0,0,0,0,0,0,0,0
2026-03-11T10:40:01,1,0,0,0,0,0,0,0,0,0,0,0
2026-03-11T10:41:01,1,0,0,0,0,0,0,0,0,0,0,0
2026-03-11T10:42:01,1,0,0,0,0,0,0,0,0,0,0,0
2026-03-11T10:43:01,1,0,0,0,0,0,0,0,0,0,0,0
2026-03-11T10:44:01,1,0,0,0,0,0,0,0,0,0,0,0
2026-03-11T10:45:01,1,0,0,0,0,0,0,0,0,0,0,0
2026-03-11T10:46:01,1,0,0,0,0,0,0,0,0,0,0,0
2026-03-11T10:47:01,1,0,0,0,0,0,0,0,0,0,0,0
2026-03-11T10:48:01,1,0,0,0,0,0,0,0,0,0,0,0
2026-03-11T10:49:01,1,0,0,0,0,0,0,0,0,0,0,0
2026-03-11T10:50:01,1,0,0,0,0,0,0,0,0,0,0,0
2026-03-11T10:51:01,1,0,0,0,0,0,0,0,0,0,0,0
2026-03-11T10:52:01,1,0,0,0,0,0,0,0,0,0,0,0
2026-03-11T10:53:01,1,0,0,0,0,0,0,0,0,0,0,0
2026-03-11T10:54:01,1,0,0,0,0,0,0,0,0,0,0,0
2026-03-11T10:55:01,1,0,0,0,0,0,0,0,0,0,0,0
2026-03-11T10:56:01,1,0,0,0,0,0,0,0,0,0,0,0
2026-03-11T10:57:01,1,0,0,0,0,0,0,0,0,0,0,0
2026-03-11T10:58:01,1,0,0,0,0,0,0,0,0,0,0,0
2026-03-11T10:59:01,1,0,0,0,0,0,0,0,0,0,0,0
2026-03-11T11:00:01,1,0,0,0,0,0,0,0,0,0,0,0
2026-03-11T11:01:01,1,0,0,0,0,0,0,0,0,0,0,0
2026-03-11T11:02:01,1,0,0,0,0,0,0,0,0,0,0,0
2026-03-11T11:03:01,1,0,0,0,0,0,0,0,0,0,0,0
2026-03-11T11:04:01,1,0,0,0,0,0,0,0,0,0,0,0
2026-03-11T11:05:01,1,0,0,0,0,0,0,0,0,0,0,0
2026-03-11T11:06:01,1,0,0,0,0,0,0,0,0,0,0,0
2026-03-11T11:07:01,1,0,0,0,0,0,0,0,0,0,0,0
2026-03-11T11:08:01,1,0,0,0,0,0,0,0,0,0,0,0
2026-03-11T11:09:01,1,0,0,0,0,0,0,0,0,0,0,0
2026-03-11T11:10:01,1,0,0,0,0,0,0,0,0,0,0,0
2026-03-11T11:11:01,1,0,0,0,0,0,0,0,0,0,0,0
2026-03-11T11:12:01,1,0,0,0,0,0,0,0,0,0,0,0
2026-03-11T11:13:01,1,0,0,0,0,0,0,0,0,0,0,0
2026-03-11T11:14:01,1,0,0,0,0,0,0,0,0,0,0,0
2026-03-11T11:15:01,1,0,0,0,0,0,0,0,0,0,0,0
2026-03-11T11:16:01,1,0,0,0,0,0,0,0,0,0,0,0
2026-03-11T11:17:01,1,0,0,0,0,0,0,0,0,0,0,0
2026-03-11T11:18:01,1,0,0,0,0,0,0,0,0,0,0,0
2026-03-11T11:19:01,1,0,0,0,0,0,0,0,0,0,0,0
2026-03-11T11:20:01,1,0,0,0,0,0,0,0,0,0,0,0
2026-03-11T11:21:01,1,0,0,0,0,0,0,0,0,0,0,0
2026-03-11T11:22:01,1,0,0,0,0,0,0,0,0,0,0,0
2026-03-11T11:23:01,1,0,0,0,0,0,0,0,0,0,0,0
2026-03-11T11:24:01,1,0,0,0,0,0,0,0,0,0,0,0
2026-03-11T11:25:01,1,0,0,0,0,0,0,0,0,0,0,0
2026-03-11T11:26:01,1,0,0,0,0,0,0,0,0,0,0,0
2026-03-11T11:27:01,1,0,0,0,0,0,0,0,0,0,0,0
2026-03-11T11:28:01,1,0,0,0,0,0,0,0,0,0,0,0
2026-03-11T11:29:01,1,0,0,0,0,0,0,0,0,0,0,0
2026-03-11T11:30:01,1,0,0,0,0,0,0,0,0,0,0,0
2026-03-11T11:31:01,1,0,0,0,0,0,0,0,0,0,0,0
2026-03-11T11:32:01,1,0,0,0,0,0,0,0,0,0,0,0
2026-03-11T11:33:01,1,0,0,0,0,0,0,0,0,0,0,0
2026-03-11T11:34:01,1,0,0,0,0,0,0,0,0,0,0,0
2026-03-11T11:35:01,1,0,0,0,0,0,0,0,0,0,0,0
2026-03-11T11:36:01,1,0,0,0,0,0,0,0,0,0,0,0
2026-03-11T11:37:01,1,0,0,0,0,0,0,0,0,0,0,0
2026-03-11T11:38:01,1,0,0,0,0,0,0,0,0,0,0,0
2026-03-11T11:39:01,1,0,0,0,0,0,0,0,0,0,0,0
2026-03-11T11:40:01,1,0,0,0,0,0,0,0,0,0,0,0
2026-03-11T11:41:01,1,0,0,0,0,0,0,0,0,0,0,0
2026-03-11T11:42:01,1,0,0,0,0,0,0,0,0,0,0,0
2026-03-11T11:43:01,1,0,0,0,0,0,0,0,0,0,0,0
2026-03-11T11:44:01,1,0,0,0,0,0,0,0,0,0,0,0
2026-03-11T11:45:01,1,0,0,0,0,0,0,0,0,0,0,0
2026-03-11T11:46:01,1,0,0,0,0,0,0,0,0,0,0,0
2026-03-11T11:47:01,1,0,0,0,0,0,0,0,0,0,0,0
2026-03-11T11:48:01,1,0,0,0,0,0,0,0,0,0,0,0
2026-03-11T11:49:01,1,0,0,0,0,0,0,0,0,0,0,0
2026-03-11T11:50:01,1,0,0,0,0,0,0,0,0,0,0,0
2026-03-11T11:51:01,1,0,0,0,0,0,0,0,0,0,0,0
2026-03-11T11:52:01,1,0,0,0,0,0,0,0,0,0,0,0
2026-03-11T11:53:01,1,0,0,0,0,0,0,0,0,0,0,0
2026-03-11T11:54:01,1,0,0,0,0,0,0,0,0,0,0,0
2026-03-11T11:55:01,1,0,0,0,0,0,0,0,0,0,0,0
2026-03-11T11:56:01,1,0,0,0,0,0,0,0,0,0,0,0
2026-03-11T11:57:01,1,0,0,0,0,0,0,0,0,0,0,0
2026-03-11T11:58:01,1,0,0,0,0,0,0,0,0,0,0,0
2026-03-11T11:59:01,1,0,0,0,0,0,0,0,0,0,0,0
2026-03-11T12:00:01,1,0,0,0,0,0,0,0,0,0,0,0
2026-03-11T12:01:01,1,0,0,0,0,0,0,0,0,0,0,0
2026-03-11T12:02:01,1,0,0,0,0,0,0,0,0,0,0,0
2026-03-11T12:03:01,1,0,0,0,0,0,0,0,0,0,0,0
2026-03-11T12:04:01,1,0,0,0,0,0,0,0,0,0,0,0
2026-03-11T12:05:01,1,0,0,0,0,0,0,0,0,0,0,0
2026-03-11T12:06:01,1,0,0,0,0,0,0,0,0,0,0,0
2026-03-11T12:07:01,1,0,0,0,0,0,0,0,0,0,0,0
2026-03-11T12:08:01,1,0,0,0,0,0,0,0,0,0,0,0
2026-03-11T12:09:01,1,0,0,0,0,0,0,0,0,0,0,0
2026-03-11T12:10:01,1,0,0,0,0,0,0,0,0,0,0,0
2026-03-11T12:11:01,1,0,0,0,0,0,0,0,0,0,0,0
2026-03-11T12:12:01,1,0,0,0,0,0,0,0,0,0,0,0
2026-03-11T12:13:01,1,0,0,0,0,0,0,0,0,0,0,0
2026-03-11T12:14:01,1,0,0,0,0,0,0,0,0,0,0,0
2026-03-11T12:15:01,1,0,0,0,0,0,0,0,0,0,0,0
2026-03-11T12:16:01,1,0,0,0,0,0,0,0,0,0,0,0
2026-03-11T12:17:01,1,0,0,0,0,0,0,0,0,0,0,0
2026-03-11T12:18:01,1,0,0,0,0,0,0,0,0,0,0,0
2026-03-11T12:19:01,1,0,0,0,0,0,0,0,0,0,0,0
2026-03-11T12:20:01,1,0,0,0,0,0,0,0,0,0,0,0
2026-03-11T12:21:01,1,0,0,0,0,0,0,0,0,0,0,0
2026-03-11T12:22:01,1,0,0,0,0,0,0,0,0,0,0,0
2026-03-11T12:23:01,1,0,0,0,0,0,0,0,0,0,0,0
2026-03-11T12:24:01,1,0,0,0,0,0,0,0,0,0,0,0
2026-03-11T12:25:01,1,0,0,0,0,0,0,0,0,0,0,0
2026-03-11T12:26:01,1,0,0,0,0,0,0,0,0,0,0,0
2026-03-11T12:27:01,1,0,0,0,0,0,0,0,0,0,0,0
2026-03-11T12:28:01,1,0,0,0,0,0,0,0,0,0,0,0
2026-03-11T12:29:01,1,0,0,0,0,0,0,0,0,0,0,0
2026-03-11T12:30:01,1,0,0,0,0,0,0,0,0,0,0,0
2026-03-11T12:31:01,1,0,0,0,0,0,0,0,0,0,0,0
2026-03-11T12:32:01,1,0,0,0,0,0,0,0,0,0,0,0
2026-03-11T12:33:01,1,0,0,0,0,0,0,0,0,0,0,0
2026-03-11T12:34:01,1,0,0,0,0,0,0,0,0,0,0,0
2026-03-11T12:35:01,1,0,0,0,0,0,0,0,0,0,0,0
2026-03-11T12:36:01,1,0,0,0,0,0,0,0,0,0,0,0
2026-03-11T12:37:01,1,0,0,0,0,0,0,0,0,0,0,0
2026-03-11T12:38:01,1,0,0,0,0,0,0,0,0,0,0,0
2026-03-11T12:39:01,1,0,0,0,0,0,0,0,0,0,0,0
2026-03-11T12:40:01,1,0,0,0,0,0,0,0,0,0,0,0
2026-03-11T12:41:01,1,0,0,0,0,0,0,0,0,0,0,0
2026-03-11T12:42:01,1,0,0,0,0,0,0,0,0,0,0,0
2026-03-11T12:43:01,1,0,0,0,0,0,0,0,0,0,0,0
2026-03-11T12:44:01,1,0,0,0,0,0,0,0,0,0,0,0
2026-03-11T12:45:01,1,0,0,0,0,0,0,0,0,0,0,0
2026-03-11T12:46:01,1,0,0,0,0,0,0,0,0,0,0,0
2026-03-11T12:47:01,1,0,0,0,0,0,0,0,0,0,0,0
2026-03-11T12:48:01,1,0,0,0,0,0,0,0,0,0,0,0
2026-03-11T12:49:01,1,0,0,0,0,0,0,0,0,0,0,0
2026-03-11T12:50:01,1,0,0,0,0,0,0,0,0,0,0,0
2026-03-11T12:51:01,1,0,0,0,0,0,0,0,0,0,0,0
2026-03-11T12:52:01,1,0,0,0,0,0,0,0,0,0,0,0
2026-03-11T12:53:01,1,0,0,0,0,0,0,0,0,0,0,0
2026-03-11T12:54:01,0,0,0,0,0,0,0,0,0,0,0,0
